Date,Open,High,Low,Close,Volume,Adj. Close,Adj. Volume
2013-01-02,34.92,35.4,34.1,35.12,13767900.0,31.540248355940005,13767900.0
2013-01-03,35.0,35.0,34.16,34.83,16739300.0,31.279807808582,16739300.0
2013-01-04,34.62,34.89,34.25,34.39,21372100.0,30.884656633280002,21372100.0
2013-01-07,34.15,35.45,34.15,34.46,17897100.0,30.947521592987,17897100.0
2013-01-08,34.29,34.64,33.36,33.71,17863300.0,30.273968453267003,17863300.0
2013-01-09,33.61,33.95,33.61,33.9,18800400.0,30.44460191533,18800400.0
2013-01-10,33.66,34.0,33.33,34.0,15658100.0,30.534409000626002,15658100.0
2013-01-11,33.59,33.9,33.35,33.85,11191500.0,30.758926713864998,11191500.0
2013-01-14,34.01,34.25,33.8,34.09,11584900.0,30.977010684657998,11584900.0
2013-01-15,33.71,34.72,33.71,34.6,13040200.0,31.440439122592,13040200.0
2013-01-16,34.47,35.54,34.45,35.54,16512700.0,32.29460134153,16512700.0
2013-01-17,35.75,36.7,35.75,36.42,14424800.0,33.094242567769,14424800.0
2013-01-18,36.43,37.32,36.04,37.32,17842200.0,33.912057458241,17842200.0
2013-01-21,23.36,23.36,23.36,23.36,0.0,21.226839823808,0.0
2013-01-22,36.98,37.25,35.93,36.42,15809700.0,33.094242567769,15809700.0
2013-01-23,36.91,37.84,36.5,37.8,10981600.0,34.348225399826,10981600.0
2013-01-24,37.79,38.52,37.23,37.46,11327100.0,34.03927310787,11327100.0
2013-01-25,37.52,37.84,36.64,37.6,8934600.0,34.166488757498996,8934600.0
2013-01-28,37.65,37.87,36.71,36.89,7140100.0,33.521323677238,7140100.0
2013-01-29,36.71,37.46,36.25,37.31,8838500.0,33.902970626125004,8838500.0
2013-01-30,36.81,37.53,36.81,36.93,10841800.0,33.557671005703,10841800.0
2013-01-31,36.84,36.93,36.27,36.69,10720700.0,33.339587034911,10720700.0
2013-02-01,36.84,37.2,36.52,37.18,9527500.0,33.784841808612,9527500.0
2013-02-04,36.64,37.3,36.55,37.28,6348000.0,33.875710129776,6348000.0
2013-02-05,37.42,37.73,37.18,37.2,7284400.0,33.803015472845004,7284400.0
2013-02-06,36.96,37.28,36.86,37.14,5738900.0,33.748494480147,5738900.0
2013-02-07,37.57,37.57,35.8,36.42,9872500.0,33.094242567769,9872500.0
2013-02-08,36.37,36.42,35.83,36.25,13858700.0,32.939766421791,13858700.0
2013-02-11,36.13,36.18,35.75,35.85,6032100.0,32.576293137137,6032100.0
2013-02-12,35.77,35.9,35.2,35.42,7473800.0,32.185559356133,7473800.0
2013-02-13,35.42,35.57,35.15,35.27,4859800.0,32.049256874388,4859800.0
2013-02-14,35.05,36.73,35.01,36.57,7570100.0,33.230545049514,7570100.0
2013-02-15,36.93,37.81,36.93,37.58,13296300.0,34.148315093266,13296300.0
2013-02-18,28.3,28.3,28.3,28.3,0.0,25.715734889288,0.0
2013-02-19,37.54,38.33,37.11,38.19,8292700.0,34.702611852364,8292700.0
2013-02-20,38.16,39.13,37.61,38.61,8096400.0,35.084258801251,8096400.0
2013-02-21,38.49,39.03,38.19,38.78,7260900.0,35.238734947229,7260900.0
2013-02-22,38.79,38.85,38.14,38.46,4490400.0,34.947956319506,4490400.0
2013-02-25,38.54,38.61,37.37,37.37,4665600.0,33.957491618823,4665600.0
2013-02-26,37.6,37.6,36.96,37.09,4463000.0,33.703060319565,4463000.0
2013-02-27,36.97,36.98,36.4,36.73,12238400.0,33.375934363376004,12238400.0
2013-02-28,36.66,37.14,36.5,36.92,10321000.0,33.548584173586995,10321000.0
2013-03-01,36.8,38.07,36.55,37.81,8929400.0,34.357312231943,8929400.0
2013-03-04,37.53,38.25,37.53,38.24,5420800.0,34.748046012946,5420800.0
2013-03-05,38.45,38.57,37.29,37.51,6650400.0,34.084707268452,6650400.0
2013-03-06,37.56,37.86,37.37,37.74,5489500.0,34.293704407128,5489500.0
2013-03-07,37.65,38.01,37.44,37.49,4442500.0,34.066533604218996,4442500.0
2013-03-08,37.64,37.65,37.16,37.34,4114500.0,33.930231122474,4114500.0
2013-03-11,37.25,38.15,37.08,37.67,4614400.0,34.230096582314,4614400.0
2013-03-12,37.7,38.3,37.05,37.17,6523900.0,33.775754976496,6523900.0
2013-03-13,37.2,37.59,37.04,37.17,3710600.0,33.775754976496,3710600.0
2013-03-14,37.43,37.59,36.86,37.56,9859700.0,34.130141429034,9859700.0
2013-03-15,37.44,38.54,37.28,38.5,12208300.0,34.984303647971004,12208300.0
2013-03-18,38.05,38.49,37.99,38.16,5178700.0,34.675351356015,5178700.0
2013-03-19,38.25,38.4,37.84,38.36,5108400.0,34.857087998341996,5108400.0
2013-03-20,38.5,39.19,38.41,39.06,7072900.0,35.493166246487,7072900.0
2013-03-21,38.82,38.97,38.48,38.49,4736100.0,34.975216815855,4736100.0
2013-03-22,38.57,38.97,38.3,38.97,3323400.0,35.41138475744001,3323400.0
2013-03-25,39.12,39.52,38.93,39.32,6065000.0,35.729423881512,6065000.0
2013-03-26,39.57,40.52,39.57,40.21,7249500.0,36.538151939868,7249500.0
2013-03-27,40.22,40.29,39.66,40.15,4274800.0,36.48363094717,4274800.0
2013-03-28,40.26,40.8,39.78,40.78,7263400.0,37.0561013705,7263400.0
2013-03-29,28.3,28.3,28.3,28.3,0.0,25.715734889288,0.0
2013-04-01,39.96,41.14,39.96,41.12,5740000.0,37.365053662456,5740000.0
2013-04-02,41.22,41.22,40.52,40.71,5510700.0,36.992493545686,5510700.0
2013-04-03,40.75,41.45,40.35,40.57,4122100.0,36.865277896057,4122100.0
2013-04-04,40.77,41.78,40.62,41.6,20687600.0,37.801221604041,20687600.0
2013-04-05,41.31,41.5,41.09,41.31,14089800.0,37.537703472667,14089800.0
2013-04-08,41.27,41.87,41.07,41.77,16449200.0,37.95569775002,16449200.0
2013-04-09,41.96,43.56,41.8,42.55,8673900.0,38.664470655095,8673900.0
2013-04-10,42.65,43.77,42.5,43.62,7809200.0,39.636761691545,7809200.0
2013-04-11,43.42,43.71,43.11,43.2,6494100.0,39.618588027312995,6494100.0
2013-04-12,42.97,43.29,42.62,43.09,4199800.0,39.517707363354,4199800.0
2013-04-15,42.87,43.03,41.41,41.44,7152500.0,38.004497403978,7152500.0
2013-04-16,41.67,42.53,41.13,42.45,6998000.0,38.930765318505,6998000.0
2013-04-17,42.14,42.43,41.42,42.24,5046200.0,38.73817496003901,5046200.0
2013-04-18,42.37,42.64,41.89,42.32,5009000.0,38.811542715645,5009000.0
2013-04-19,42.51,42.58,42.2,42.39,6493200.0,38.875739501801,6493200.0
2013-04-22,43.0,44.83,42.88,44.2,8531300.0,40.535684972389,8531300.0
2013-04-23,44.61,46.32,44.4,45.14,9378100.0,41.397756100761,9378100.0
2013-04-24,45.14,45.34,43.94,44.32,5541300.0,40.645736605798994,5541300.0
2013-04-25,44.75,44.79,43.76,44.24,5236900.0,40.572368850192,5236900.0
2013-04-26,44.95,46.31,44.75,45.84,10096800.0,42.039723962315,10096800.0
2013-04-29,45.83,45.93,45.05,45.23,6024700.0,41.480294825818,6024700.0
2013-04-30,45.05,46.23,45.01,46.05,6798600.0,42.232314320781,6798600.0
2013-05-01,45.74,46.09,45.55,45.55,6398100.0,41.773765848242995,6398100.0
2013-05-02,45.68,45.68,43.86,43.99,9649400.0,40.343094613923,9649400.0
2013-05-03,44.31,44.77,43.83,44.68,4641200.0,40.975891506026,4641200.0
2013-05-06,44.95,44.95,44.15,44.59,4085700.0,40.893352780969,4085700.0
2013-05-07,44.5,45.0,44.42,44.91,3745600.0,41.186823803394,3745600.0
2013-05-08,45.01,45.05,43.39,43.49,6973200.0,39.884546141385,6973200.0
2013-05-09,43.34,44.45,43.25,44.24,5046900.0,40.572368850192,5046900.0
2013-05-10,44.21,45.01,44.2,45.01,4455800.0,41.278533497902,4455800.0
2013-05-13,44.79,44.79,44.17,44.54,3738400.0,40.847497933715,3738400.0
2013-05-14,44.09,45.52,44.09,45.35,5760300.0,41.590346459228,5760300.0
2013-05-15,45.72,46.93,45.48,46.03,6702500.0,42.21397238188,6702500.0
2013-05-16,46.06,46.9,46.01,46.21,4605300.0,42.379049831994,4605300.0
2013-05-17,46.03,47.34,45.85,47.17,5244800.0,43.259462899267,5244800.0
2013-05-20,47.12,47.14,46.07,46.26,3537800.0,42.424904679247,3537800.0
2013-05-21,46.19,46.96,46.17,46.54,4708800.0,42.681691823869,4708800.0
2013-05-22,46.46,48.0,45.85,46.76,5203500.0,42.883453151786,5203500.0
2013-05-23,46.12,46.95,46.02,46.59,3306200.0,42.727546671123,3306200.0
2013-05-24,46.25,46.48,45.31,45.44,4511700.0,41.672885184284,4511700.0
2013-05-27,36.5,36.5,36.5,36.5,0.0,33.474038495299,0.0
2013-05-28,45.89,46.04,44.7,45.39,6181800.0,41.627030337031,6181800.0
2013-05-29,44.89,45.18,43.79,43.88,6908400.0,40.242213949965,6908400.0
2013-05-30,44.07,45.12,44.07,44.55,4852200.0,40.856668903165996,4852200.0
2013-05-31,44.27,44.69,42.68,42.69,9308800.0,39.150868585324,9308800.0
2013-06-03,42.88,43.58,42.75,43.36,7176800.0,39.765323538525,7176800.0
2013-06-04,43.42,44.47,43.38,43.63,4528400.0,40.012939713696,4528400.0
2013-06-05,43.49,43.9,42.69,43.04,4801300.0,39.4718525161,4801300.0
2013-06-06,43.22,43.57,42.65,43.5,4261300.0,39.893717110836,4261300.0
2013-06-07,43.72,44.27,43.5,44.0,5463200.0,40.352265583374,5463200.0
2013-06-10,44.33,44.33,43.22,43.92,4702700.0,40.278897827768,4702700.0
2013-06-11,43.31,44.05,43.05,43.59,3574800.0,39.976255835893,3574800.0
2013-06-12,43.91,44.0,42.72,42.77,3742600.0,39.22423634093,3742600.0
2013-06-13,42.42,43.2,40.1,43.15,6096500.0,39.572733180059,6096500.0
2013-06-14,42.98,43.5,42.5,43.21,4078500.0,39.627758996763,4078500.0
2013-06-17,43.4,43.5,42.68,43.01,3457700.0,39.444339607748,3457700.0
2013-06-18,42.97,43.56,42.63,43.54,3644900.0,39.930400988639,3644900.0
2013-06-19,43.56,43.83,43.01,43.04,3663300.0,39.4718525161,3663300.0
2013-06-20,42.65,42.78,40.91,41.06,7474900.0,37.656000564849,7474900.0
2013-06-21,41.66,42.71,41.2,42.62,9825700.0,39.086671799168,9825700.0
2013-06-24,42.07,42.4,41.32,41.89,6042400.0,38.417191029262,6042400.0
2013-06-25,42.15,42.77,41.61,42.63,4686900.0,39.095842768619,4686900.0
2013-06-26,43.1,43.61,43.03,43.38,4733700.0,39.783665477427,4733700.0
2013-06-27,43.56,43.98,42.74,43.13,5163900.0,39.554391241157,5163900.0
2013-06-28,42.53,42.97,41.32,41.34,10753100.0,37.91278770947,10753100.0
2013-07-01,41.4,41.93,41.07,41.61,4588200.0,38.160403884641,4588200.0
2013-07-02,41.58,42.57,41.58,42.21,4365900.0,38.710662051687,4365900.0
2013-07-03,41.88,42.31,41.61,42.23,2417500.0,38.729003990588005,2417500.0
2013-07-04,35.7,35.7,35.7,35.7,0.0,32.740360939238,0.0
2013-07-05,42.45,42.83,42.31,42.72,2743700.0,39.178381493676,2743700.0
2013-07-08,42.9,43.69,42.82,43.68,3978300.0,40.05879456095,3978300.0
2013-07-09,44.0,44.23,43.25,43.32,3805700.0,39.728639660721996,3805700.0
2013-07-10,43.36,44.12,43.36,43.91,3080100.0,40.269726858317,3080100.0
2013-07-11,43.94,44.11,43.33,43.78,4061400.0,40.517343033488004,4061400.0
2013-07-12,43.93,45.11,43.8,45.05,5693900.0,41.692697662372,5693900.0
2013-07-15,44.95,44.97,44.54,44.62,3265800.0,41.294742945505,3265800.0
2013-07-16,44.54,44.77,43.7,43.81,3714500.0,40.54510731606,3714500.0
2013-07-17,43.97,44.15,43.74,43.96,3645400.0,40.68392872892,3645400.0
2013-07-18,43.96,44.56,43.81,44.32,3043700.0,41.017100119785,3043700.0
2013-07-19,44.49,44.91,44.12,44.52,4317900.0,41.202195336932,4317900.0
2013-07-22,44.3,45.1,43.8,44.97,3810500.0,41.618659575513,3810500.0
2013-07-23,44.92,45.09,44.23,44.31,3535100.0,41.007845358928,3535100.0
2013-07-24,44.28,44.37,43.39,43.64,3088100.0,40.387776381485,3088100.0
2013-07-25,43.41,44.43,43.35,44.24,4088500.0,40.943062032926,4088500.0
2013-07-26,45.01,45.12,44.17,44.79,4491100.0,41.45207388008,4491100.0
2013-07-29,44.72,45.45,44.47,45.06,4326200.0,41.701952423228995,4326200.0
2013-07-30,45.08,45.23,44.2,44.7,3619700.0,41.368781032364,3619700.0
2013-07-31,44.84,45.91,44.81,45.48,6020600.0,42.090652379238,6020600.0
2013-08-01,45.14,45.9,45.04,45.25,3652400.0,41.877792879519,3652400.0
2013-08-02,45.11,45.42,44.81,45.32,3190700.0,41.94257620552,3190700.0
2013-08-05,45.05,45.37,44.48,44.71,2953500.0,41.378035793222,2953500.0
2013-08-06,44.42,44.99,44.42,44.88,4980600.0,41.535366727797,4980600.0
2013-08-07,44.7,44.86,44.22,44.57,3299400.0,41.248469141219,3299400.0
2013-08-08,44.86,45.18,44.61,45.06,2892400.0,41.701952423228995,2892400.0
2013-08-09,44.9,45.0,44.47,44.71,3290800.0,41.378035793222,3290800.0
2013-08-12,44.71,45.2,44.39,45.04,3826400.0,41.683442901514,3826400.0
2013-08-13,45.12,45.18,44.68,44.93,2791800.0,41.581640532083,2791800.0
2013-08-14,44.85,45.23,44.45,44.58,2990500.0,41.257723902076,2990500.0
2013-08-15,44.6,44.62,43.13,43.21,4363100.0,39.989821664619,4363100.0
2013-08-16,42.94,43.14,42.42,43.0,6093300.0,39.795471686614,6093300.0
2013-08-19,43.01,43.81,42.95,43.37,3326900.0,40.137897838336,3326900.0
2013-08-20,43.29,43.48,42.85,42.97,2803000.0,39.767707404042,2803000.0
2013-08-21,42.82,42.88,42.25,42.31,4118800.0,39.156893187457,4118800.0
2013-08-22,42.4,43.1,42.29,42.92,4077700.0,39.721433599756,4077700.0
2013-08-23,43.01,43.5,42.85,43.43,2738100.0,40.193426403481,2738100.0
2013-08-26,43.43,43.74,43.19,43.45,3493400.0,40.211935925195,3493400.0
2013-08-27,43.02,43.09,42.6,42.63,4473000.0,39.453045534892,4473000.0
2013-08-28,42.53,42.81,42.35,42.56,3009700.0,39.388262208891,3009700.0
2013-08-29,42.32,43.09,42.26,42.62,2788900.0,39.443790774035,2788900.0
2013-08-30,42.76,43.03,42.3,42.61,3170700.0,39.434536013178,3170700.0
2013-09-02,34.5,34.5,34.5,34.5,0.0,31.928924957865,0.0
2013-09-03,43.0,43.28,42.31,42.59,2925600.0,39.416026491463,2925600.0
2013-09-04,42.6,43.14,42.59,43.13,3190700.0,39.91578357776,3190700.0
2013-09-05,43.03,43.66,43.0,43.51,3355500.0,40.267464490338995,3355500.0
2013-09-06,43.53,44.35,42.89,43.89,3992200.0,40.619145402919,3992200.0
2013-09-09,43.88,44.44,43.5,44.43,3287500.0,41.118902489216,3287500.0
2013-09-10,44.58,44.81,44.1,44.78,4282300.0,41.442819119222996,4282300.0
2013-09-11,44.81,44.97,44.39,44.95,3441700.0,41.600150053798,3441700.0
2013-09-12,44.84,44.95,44.5,44.7,2597900.0,41.368781032364,2597900.0
2013-09-13,44.71,44.89,44.43,44.89,2273500.0,41.544621488653995,2273500.0
2013-09-16,45.32,45.95,45.19,45.82,3531700.0,42.405314248388,3531700.0
2013-09-17,45.92,47.7,45.86,47.6,7293800.0,44.052661680995996,7293800.0
2013-09-18,47.19,48.42,46.88,47.92,6689400.0,44.348814028431995,6689400.0
2013-09-19,48.21,48.23,47.31,47.4,5326500.0,43.867566463849,5326500.0
2013-09-20,47.44,48.0,47.33,47.84,10495300.0,44.274775941573,10495300.0
2013-09-23,47.56,47.56,46.93,47.1,3179500.0,43.589923638128994,3179500.0
2013-09-24,46.95,46.95,45.94,45.98,7162700.0,42.553390422105,7162700.0
2013-09-25,46.09,46.16,45.02,45.33,4571900.0,41.951830966377,4571900.0
2013-09-26,45.33,45.62,44.81,45.0,5033900.0,41.646423858085,5033900.0
2013-09-27,44.87,44.9,44.02,44.33,6617300.0,41.026354880641996,6617300.0
2013-09-30,44.52,44.95,44.03,44.73,5818400.0,41.396545314936,5818400.0
2013-10-01,44.81,45.9,44.81,45.8,4159700.0,42.386804726673,4159700.0
2013-10-02,45.34,45.97,45.12,45.95,4056800.0,42.525626139533,4056800.0
2013-10-03,45.6,46.34,45.1,46.01,7020800.0,42.581154704677,7020800.0
2013-10-04,46.18,46.88,46.0,46.8,4141400.0,43.312280812408,4141400.0
2013-10-07,46.12,46.98,46.09,46.09,4703700.0,42.655192791536,4703700.0
2013-10-08,46.29,46.32,44.39,44.52,7091500.0,41.202195336932,7091500.0
2013-10-09,44.72,45.31,44.32,44.81,5113000.0,41.470583401795004,5113000.0
2013-10-10,45.1,45.68,44.51,45.68,3967500.0,42.645938030679005,3967500.0
2013-10-11,45.7,45.7,44.96,45.65,2985700.0,42.617930628294,2985700.0
2013-10-14,45.21,46.45,45.07,46.33,3377300.0,43.252765082341,3377300.0
2013-10-15,46.05,46.38,45.75,46.08,3533300.0,43.019370062471,3533300.0
2013-10-16,46.31,47.27,46.2,47.06,4399900.0,43.934278540361994,4399900.0
2013-10-17,46.95,48.32,46.95,48.17,7242400.0,44.970552428586,7242400.0
2013-10-18,48.38,48.95,47.77,48.33,9212900.0,45.119925241302994,9212900.0
2013-10-21,48.08,48.55,47.76,48.35,4713200.0,45.138596842892,4713200.0
2013-10-22,48.39,49.31,48.11,49.0,6937500.0,45.745423894554996,6937500.0
2013-10-23,48.76,48.86,48.28,48.33,4130300.0,45.119925241302994,4130300.0
2013-10-24,48.63,48.98,47.74,47.93,5077900.0,44.74649320951,5077900.0
2013-10-25,49.1,49.83,48.56,49.3,6956800.0,46.025497918399,6956800.0
2013-10-28,49.13,49.97,48.97,49.42,5555000.0,46.137527527937,5555000.0
2013-10-29,49.48,50.2,49.48,49.79,5022900.0,46.482952157345,5022900.0
2013-10-30,49.57,49.57,48.72,48.8,4011600.0,45.558707878659,4011600.0
2013-10-31,48.68,49.0,48.44,48.45,4563700.0,45.231954850840005,4563700.0
2013-11-01,48.64,49.33,48.5,48.96,3866900.0,45.708080691376,3866900.0
2013-11-04,49.19,49.19,48.0,48.76,4095600.0,45.521364675479,4095600.0
2013-11-05,48.59,48.76,48.03,48.17,4095400.0,44.970552428586,4095400.0
2013-11-06,48.5,48.74,48.0,48.05,4308100.0,44.858522819048005,4308100.0
2013-11-07,48.17,48.36,47.18,47.24,4444900.0,44.102322954669,4444900.0
2013-11-08,47.13,48.1,46.83,48.03,5190900.0,44.839851217459,5190900.0
2013-11-11,48.23,48.67,48.19,48.57,2282900.0,45.343984460377996,2282900.0
2013-11-12,48.45,48.48,47.28,47.48,5351100.0,44.326382173744,5351100.0
2013-11-13,47.36,47.93,47.29,47.85,3745100.0,44.671806803152,3745100.0
2013-11-14,47.99,48.47,47.69,48.04,3411800.0,44.84918701825301,3411800.0
2013-11-15,48.03,48.75,48.0,48.44,6257100.0,45.222619050046,6257100.0
2013-11-18,48.89,49.96,48.73,48.87,8585700.0,45.624058484222004,8585700.0
2013-11-19,48.73,49.0,48.37,48.46,4050700.0,45.241290651635,4050700.0
2013-11-20,48.42,48.54,47.83,47.95,3120300.0,44.7651648111,3120300.0
2013-11-21,48.28,48.67,47.99,48.57,4459800.0,45.343984460377996,4459800.0
2013-11-22,48.65,49.14,48.57,48.94,5810100.0,45.689409089786,5810100.0
2013-11-25,49.0,49.28,48.32,48.41,3343200.0,45.194611647661,3343200.0
2013-11-26,48.38,49.18,48.31,48.6,4732300.0,45.371991862763004,4732300.0
2013-11-27,48.83,48.95,48.24,48.25,3414900.0,45.045238834944,3414900.0
2013-11-28,39.69,39.69,39.69,39.69,0.0,37.053793354589,0.0
2013-11-29,48.43,48.93,48.07,48.45,4044300.0,45.231954850840005,4044300.0
2013-12-02,48.49,48.68,48.02,48.39,4321900.0,45.175940046072,4321900.0
2013-12-03,49.13,50.26,48.97,49.97,9480100.0,46.650996571651,9480100.0
2013-12-04,49.75,50.29,49.3,49.67,5309200.0,46.370922547807,5309200.0
2013-12-05,49.42,50.07,49.05,49.76,5449100.0,46.45494475496,5449100.0
2013-12-06,50.17,51.5,50.05,51.35,7285800.0,47.939337081334,7285800.0
2013-12-09,51.45,51.81,50.77,51.21,5470800.0,47.808635870207006,5470800.0
2013-12-10,51.25,54.13,50.72,52.14,14906900.0,48.676865344124,14906900.0
2013-12-11,52.67,53.25,52.02,52.67,10775500.0,49.171662786249,10775500.0
2013-12-12,52.56,52.62,51.8,52.39,7766400.0,48.910260363994,7766400.0
2013-12-13,52.3,52.6,51.84,52.37,6465300.0,48.89158876240501,6465300.0
2013-12-16,53.42,54.78,52.98,53.37,9846300.0,49.825168841886,9846300.0
2013-12-17,53.43,53.92,53.0,53.63,7987300.0,50.067899662551,7987300.0
2013-12-18,52.78,54.43,52.22,54.32,9635600.0,50.71206991739199,9635600.0
2013-12-19,53.21,53.21,52.02,52.63,8383400.0,49.13431958307,8383400.0
2013-12-20,52.77,53.01,52.29,52.59,12471800.0,49.096976379891004,12471800.0
2013-12-23,52.73,52.94,52.24,52.58,4957700.0,49.087640579096,4957700.0
2013-12-24,52.78,52.79,52.28,52.36,1747000.0,48.88225296160999,1747000.0
2013-12-25,40.99,40.99,40.99,40.99,0.0,38.267447457914,0.0
2013-12-26,52.59,53.06,52.34,52.99,2401500.0,49.470408411682996,2401500.0
2013-12-27,52.92,53.05,52.38,52.55,2354100.0,49.059633176710996,2354100.0
2013-12-30,52.73,53.03,52.6,53.01,2898800.0,49.489080013272,2898800.0
2013-12-31,52.99,53.06,52.36,52.81,3019700.0,49.302363997376005,3019700.0
2014-01-01,40.99,40.99,40.99,40.99,0.0,38.267447457914,0.0
2014-01-02,52.12,52.33,51.52,51.98,4569100.0,48.527492531407006,4569100.0
2014-01-03,52.25,52.67,51.97,52.3,4794300.0,48.826238156841,4794300.0
2014-01-06,52.7,52.7,50.03,50.39,11871100.0,47.043100205033,11871100.0
2014-01-07,50.84,51.21,50.3,50.49,9719900.0,47.136458212981005,9719900.0
2014-01-08,50.63,51.11,50.24,50.36,6811100.0,47.015092802649,6811100.0
2014-01-09,50.59,51.65,49.87,51.22,6960300.0,47.817971671002,6960300.0
2014-01-10,51.27,51.49,50.76,50.9,5517700.0,47.519226045568,5517700.0
2014-01-13,50.66,50.74,49.64,49.83,7055200.0,46.893727392315995,7055200.0
2014-01-14,49.94,50.88,49.63,50.6,6610800.0,47.618354526414,6610800.0
2014-01-15,50.65,50.67,50.07,50.11,4728400.0,47.157228168352006,4728400.0
2014-01-16,50.1,50.62,50.02,50.5,4972300.0,47.52424710640099,4972300.0
2014-01-17,50.64,50.66,50.01,50.06,8606800.0,47.110174458345,8606800.0
2014-01-20,40.99,40.99,40.99,40.99,0.0,38.574631463196,0.0
2014-01-21,50.26,50.92,49.91,50.0,5823000.0,47.053710006337994,5823000.0
2014-01-22,49.98,50.0,48.62,49.08,8181700.0,46.187921742221,8181700.0
2014-01-23,48.74,49.06,48.39,48.87,7270500.0,45.990296160194,7270500.0
2014-01-24,48.42,49.1,47.77,47.79,9197900.0,44.973936024058,9197900.0
2014-01-27,47.79,47.83,46.42,46.83,10749800.0,44.070504791935996,10749800.0
2014-01-28,47.08,48.47,47.08,47.69,12298600.0,44.879828604045,12298600.0
2014-01-29,47.15,47.84,46.98,47.61,7608500.0,44.80454266803501,7608500.0
2014-01-30,47.97,48.88,47.9,48.31,7669500.0,45.463294608123,7669500.0
2014-01-31,49.94,50.55,49.07,49.23,12863500.0,46.32908287224,12863500.0
2014-02-03,49.4,49.49,47.06,47.35,10314600.0,44.559863376002,10314600.0
2014-02-04,47.18,47.97,46.95,47.95,9606100.0,45.12450789607799,9606100.0
2014-02-05,47.76,48.07,47.16,47.73,6987100.0,44.91747157205,6987100.0
2014-02-06,47.89,48.18,47.45,47.93,4957800.0,45.105686412075,4957800.0
2014-02-07,48.0,49.03,47.66,48.89,6979500.0,46.009117644197,6979500.0
2014-02-10,48.75,50.19,48.72,49.55,7907500.0,46.63022661628101,7907500.0
2014-02-11,49.41,49.97,49.04,49.66,7217600.0,46.73374477829501,7217600.0
2014-02-12,49.63,50.93,49.59,50.56,6534500.0,47.58071155840901,6534500.0
2014-02-13,50.3,50.52,49.88,50.35,4946000.0,47.383085976382,4946000.0
2014-02-14,50.56,50.91,50.17,50.73,4118700.0,47.74069417243,4118700.0
2014-02-18,50.64,51.56,50.56,51.46,4984900.0,48.427678338522995,4984900.0
2014-02-19,51.17,51.86,50.64,51.19,5242800.0,48.173588304488,5242800.0
2014-02-20,51.19,52.11,50.73,51.86,6078900.0,48.804108018573,6078900.0
2014-02-21,51.82,51.97,51.01,51.04,5842700.0,48.03242717446901,5842700.0
2014-02-24,51.01,51.56,50.83,50.85,5693000.0,47.853623076445,5693000.0
2014-02-25,50.93,51.13,50.5,50.72,5425000.0,47.731283430429,5425000.0
2014-02-26,49.95,50.97,49.93,50.74,5710700.0,47.750104914431,5710700.0
2014-02-27,50.6,50.92,50.47,50.91,5052900.0,47.910087528453,5052900.0
2014-02-28,50.84,51.96,50.51,50.91,7095600.0,47.910087528453,7095600.0
2014-03-03,50.34,50.86,49.79,50.09,6817700.0,47.138406684349,6817700.0
2014-03-04,50.73,51.73,50.53,51.59,6198000.0,48.550017984539004,6198000.0
2014-03-05,51.68,52.12,51.3,51.7,5251100.0,48.653536146553,5251100.0
2014-03-06,52.04,52.77,51.97,52.04,6529000.0,48.973501374596005,6529000.0
2014-03-07,52.25,52.5,51.01,51.46,5860700.0,48.427678338522995,5860700.0
2014-03-10,51.9,51.9,50.86,51.66,3086000.0,48.615893178548,3086000.0
2014-03-11,51.68,52.14,51.5,51.75,3629800.0,48.700589856559,3629800.0
2014-03-12,51.46,51.74,51.07,51.64,3924800.0,48.597071694546,3924800.0
2014-03-13,51.89,52.1,51.14,51.32,4839400.0,48.295927950504996,4839400.0
2014-03-14,51.25,51.42,50.8,51.21,5466700.0,48.192409788491,5466700.0
2014-03-17,51.47,52.19,51.26,51.98,3875500.0,48.917036922589,3875500.0
2014-03-18,52.08,53.22,51.97,53.1,4712300.0,49.971040026731,4712300.0
2014-03-19,53.09,53.53,52.44,53.11,6408600.0,49.980450768732005,6408600.0
2014-03-20,52.86,53.8,52.52,53.68,6922700.0,50.51686306280401,6922700.0
2014-03-21,54.22,54.73,53.09,53.46,12930500.0,50.309826738775996,12930500.0
2014-03-24,53.53,53.62,51.35,51.36,10161400.0,48.33357091851,10161400.0
2014-03-25,51.68,52.1,51.5,51.69,6127200.0,48.644125404552,6127200.0
2014-03-26,52.0,52.34,51.46,51.5,5684900.0,48.465321306528,5684900.0
2014-03-27,51.53,51.84,51.43,51.66,4778000.0,48.615893178548,4778000.0
2014-03-28,51.83,52.13,50.89,50.98,4208300.0,47.97596272246199,4208300.0
2014-03-31,51.34,51.7,50.95,51.4,4813100.0,48.371213886515,4813100.0
2014-04-01,51.62,52.38,51.54,52.1,4250800.0,49.029965826604005,4250800.0
2014-04-02,52.1,53.41,51.99,53.34,6007200.0,50.196897834760996,6007200.0
2014-04-03,53.35,53.83,53.21,53.5,6841400.0,50.347469706781,6841400.0
2014-04-04,53.78,54.44,52.05,52.2,7013200.0,49.124073246617,7013200.0
2014-04-07,51.68,52.31,49.65,50.62,9146600.0,47.637176010416,9146600.0
2014-04-08,50.35,50.87,48.93,49.1,8246900.0,46.20674322622401,8246900.0
2014-04-09,49.49,50.76,49.26,50.63,6018200.0,47.646586752418,6018200.0
2014-04-10,50.08,50.27,47.29,47.35,13176824.0,44.559863376002,13176824.0
2014-04-11,46.58,47.21,45.5,46.46,11459451.0,44.11755850194199,11459451.0
2014-04-14,47.1,47.5,46.205,46.83,7281779.0,44.46890367296501,7281779.0
2014-04-15,47.42,48.085,46.764,47.86,9529458.0,45.446972662568996,9529458.0
2014-04-16,48.58,48.84,47.62,48.12,7143238.0,45.693863863828,7143238.0
2014-04-17,47.91,48.78,47.72,48.55,6192071.0,46.102183927449,6192071.0
2014-04-21,48.5,49.45,48.4,49.43,4437222.0,46.93781568555801,4437222.0
2014-04-22,49.45,50.42,49.35,50.01,6578700.0,47.488572980674,6578700.0
2014-04-23,50.08,50.26,49.39,50.14,6572825.0,47.612018581304,6572825.0
2014-04-24,50.13,50.13,49.0,49.32,6623747.0,46.833361715794,6623747.0
2014-04-25,50.2,50.98,48.95,49.14,7287444.0,46.662437037999,7287444.0
2014-04-28,49.62,50.92,49.5,50.87,7870350.0,48.305213107916,7870350.0
2014-04-29,50.94,51.527,50.76,51.37,5600361.0,48.780003879568994,5600361.0
2014-04-30,51.37,52.165,51.0,52.08,7423458.0,49.454206775315,7423458.0
2014-05-01,51.92,52.095,51.41,51.61,4276520.0,49.007903449961994,4276520.0
2014-05-02,51.47,51.72,51.0,51.18,3335862.0,48.599583386341,3335862.0
2014-05-05,50.8,51.37,50.31,51.36,2576683.0,48.770508064136,2576683.0
2014-05-06,51.25,51.3,50.83,50.91,3197109.0,48.343196369649,3197109.0
2014-05-07,52.09,52.87,51.2749,52.79,7011031.0,50.128409671062,7011031.0
2014-05-08,52.69,53.09,51.96,52.15,4092123.0,49.520677483346994,4092123.0
2014-05-09,52.01,52.345,51.08,52.26,5008465.0,49.62513145311,5008465.0
2014-05-12,52.49,52.56,52.22,52.37,3621974.0,49.729585422874,3621974.0
2014-05-13,52.5,52.5,51.92,52.2,4144927.0,49.568156560512,4144927.0
2014-05-14,52.16,53.0,52.08,52.87,4874572.0,50.204376194526,4874572.0
2014-05-15,52.98,53.07,52.42,52.69,6954323.0,50.033451516731006,6954323.0
2014-05-16,52.7,52.97,52.41,52.93,5824149.0,50.261351087124005,5824149.0
2014-05-19,52.91,54.21,52.71,54.11,6006213.0,51.381857308224,6006213.0
2014-05-20,53.93,53.93,53.31,53.54,5016358.0,50.84059582854,5016358.0
2014-05-21,53.45,53.84,53.0998,53.27,4083274.0,50.584208811848,4083274.0
2014-05-22,53.31,54.34,52.94,53.63,4270997.0,50.926058167438,4270997.0
2014-05-23,53.94,54.38,53.835,53.95,3022235.0,51.229924261295004,3022235.0
2014-05-27,54.18,54.2,53.78,53.99,3816104.0,51.267907523028,3816104.0
2014-05-28,53.9,54.61,53.82,54.07,4107072.0,51.343874046492004,4107072.0
2014-05-29,54.2,54.45,53.75,54.03,2760544.0,51.305890784759995,2760544.0
2014-05-30,54.0,54.43,53.89,54.33,4004614.0,51.59076524775099,4004614.0
2014-06-02,54.45,54.95,53.91,54.15,3627309.0,51.419840569955994,3627309.0
2014-06-03,54.06,54.47,53.87,54.37,3074219.0,51.628748509483,3074219.0
2014-06-04,54.11,54.64,53.67,54.58,3387567.0,51.828160633577006,3387567.0
2014-06-05,54.48,55.32,54.36,55.3,4839062.0,52.511859344757006,4839062.0
2014-06-06,55.33,55.4,54.89,55.1,3449800.0,52.321943036096,3449800.0
2014-06-09,54.42,54.88,53.722,53.84,6278392.0,51.125470291532004,6278392.0
2014-06-10,53.5,54.08,52.29,53.97,8414450.0,51.24891589216099,8414450.0
2014-06-11,53.86,54.7,53.75,54.23,5383786.0,51.495807093421,5383786.0
2014-06-12,54.18,54.25,53.46,53.66,3927568.0,50.95454561373701,3927568.0
2014-06-13,53.61,54.31,53.44,54.16,4258864.0,51.42933638538901,4258864.0
2014-06-16,54.11,54.31,53.45,54.0,4409765.0,51.277403338461,4409765.0
2014-06-17,54.49,54.54,53.85,54.3,3381344.0,51.562277801452,3381344.0
2014-06-18,54.36,54.61,54.0,54.57,3330521.0,51.818664818144,3330521.0
2014-06-19,54.71,54.81,53.92,54.19,3947509.0,51.457823831688,3947509.0
2014-06-20,55.45,55.62,53.16,53.3,12850915.0,50.61269625814701,12850915.0
2014-06-23,53.76,54.4,53.54,53.75,6235634.0,51.040007952634,6235634.0
2014-06-24,53.57,53.95,53.43,53.59,5480400.0,50.888074905706,5480400.0
2014-06-25,53.495,55.79,53.4,55.0,10940493.0,52.226984881765006,10940493.0
2014-06-26,55.03,56.54,54.97,56.51,10569373.0,53.660853012156004,10569373.0
2014-06-27,56.595,56.9,56.28,56.79,7391777.0,53.926735844281,7391777.0
2014-06-30,56.51,56.89,56.1001,56.44,6219090.0,53.594382304124004,6219090.0
2014-07-01,56.44,57.2,56.17,56.89,6868819.0,54.021693998612,6868819.0
2014-07-02,57.36,58.11,56.92,58.11,6198403.0,55.180183481443,6198403.0
2014-07-03,57.93,58.27,57.65,58.22,3828386.0,55.284637451207,3828386.0
2014-07-07,57.85,58.15,57.39,57.4,4516452.0,54.505980585697,4516452.0
2014-07-08,56.82,56.97,55.48,55.69,8735887.0,52.882196146646,8735887.0
2014-07-09,55.6,55.64,54.82,55.01,11114349.0,52.236480697198,11114349.0
2014-07-10,54.5,55.875,54.28,55.79,7548028.0,52.977154300976,7548028.0
2014-07-11,55.43,56.6,54.48,54.96,13586603.0,52.587825868220996,13586603.0
2014-07-14,53.8,55.05,53.72,54.85,30512994.0,52.482573669431,30512994.0
2014-07-15,54.53,54.69,53.39,53.44,16482713.0,51.133431848576,16482713.0
2014-07-16,53.23,53.67,51.82,53.65,22751548.0,51.334367864448005,22751548.0
2014-07-17,53.18,54.9995,52.88,53.52,18689285.0,51.209978902242,18689285.0
2014-07-18,53.03,55.12,53.0,54.91,42437220.0,52.53998395968,42437220.0
2014-07-21,54.1,54.45,53.91,54.0,22334827.0,51.669261224235,22334827.0
2014-07-22,53.93,54.38,53.75,54.05,14193531.0,51.717103132776,14193531.0
2014-07-23,54.45,54.8126,54.07,54.48,14798560.0,52.128543546228,14798560.0
2014-07-24,54.27,54.56,53.97,54.08,11406686.0,51.7458082779,11406686.0
2014-07-25,54.39,54.49,53.03,53.18,11675111.0,50.884653924163,11675111.0
2014-07-28,53.44,53.995,53.1701,53.74,10464361.0,51.420483299821996,10464361.0
2014-07-29,53.55,53.66,53.24,53.43,16171040.0,51.123863466868,16171040.0
2014-07-30,53.25,53.885,53.03,53.75,12650382.0,51.430051681529996,12650382.0
2014-07-31,53.2,53.4,52.3,52.34,15426254.0,50.080909860675,15426254.0
2014-08-01,51.93,52.64,51.75,52.48,11572170.0,50.21486720459001,11572170.0
2014-08-04,52.64,53.4,52.37,53.29,10271091.0,50.989906122952995,10271091.0
2014-08-05,52.77,53.19,52.4466,52.79,12750806.0,50.511487037544,12750806.0
2014-08-06,51.51,52.66,51.37,52.05,18099019.0,49.803426791137,18099019.0
2014-08-07,51.6,52.71,51.42,52.43,17149729.0,50.167025296049005,17149729.0
2014-08-08,52.72,52.89,52.29,52.82,13099971.0,50.540192182668,13099971.0
2014-08-11,53.11,53.65,52.77,53.31,10060805.0,51.009042886370004,10060805.0
2014-08-12,53.25,53.3,52.5734,52.84,8509491.0,50.559328946084996,8509491.0
2014-08-13,53.04,53.64,52.75,53.6,9002474.0,51.286525955907,9002474.0
2014-08-14,53.62,54.23,53.53,54.19,7952620.0,51.85106047669001,7952620.0
2014-08-15,54.34,54.585,53.58,53.9,10109260.0,51.573577407152996,10109260.0
2014-08-18,54.39,54.52,53.84,54.31,7370468.0,51.96588105718899,7370468.0
2014-08-19,54.48,55.31,54.18,55.29,9159267.0,52.903582464592,9159267.0
2014-08-20,54.89,55.18,54.69,55.06,7574406.0,52.683509685303,7574406.0
2014-08-21,54.85,55.115,54.68,54.96,8062422.0,52.587825868220996,8062422.0
2014-08-22,54.91,55.27,54.36,55.2,9311992.0,52.817467029217994,9311992.0
2014-08-25,55.435,55.92,55.18,55.87,7551789.0,53.45854860366701,7551789.0
2014-08-26,55.75,55.94,55.64,55.75,8265103.0,53.343728023168,8265103.0
2014-08-27,55.82,55.85,55.4,55.7,11020876.0,53.295886114627,11020876.0
2014-08-28,55.51,55.68,55.25,55.6,7269186.0,53.200202297545005,7269186.0
2014-08-29,55.73,55.8,55.24,55.28,7486957.0,52.894014082883,7486957.0
2014-09-02,55.5,55.53,54.96,55.07,7354811.0,52.693078067011,7354811.0
2014-09-03,55.23,55.53,54.83,55.51,7557699.0,53.114086862172,7557699.0
2014-09-04,55.3,55.6,55.09,55.54,10016193.0,53.142792007296,10016193.0
2014-09-05,55.45,55.94,54.87,55.94,9802386.0,53.525527275624,9802386.0
2014-09-08,55.89,55.95,55.37,55.57,6563382.0,53.171497152421,6563382.0
2014-09-09,55.55,57.18,55.43,56.95,17557352.0,54.491933828151,17557352.0
2014-09-10,56.77,57.32,56.51,57.19,8737277.0,54.721574989147996,8737277.0
2014-09-11,56.94,57.88,56.85,57.85,9942478.0,55.353088181889,9942478.0
2014-09-12,57.83,58.77,57.74,57.88,15544770.0,55.381793327013,15544770.0
2014-09-15,57.795,58.15,57.47,57.93,8368942.0,55.429635235554,8368942.0
2014-09-16,57.64,58.7,57.46,58.6,9046382.0,56.070716810003006,9046382.0
2014-09-17,58.89,60.02,58.753,59.62,14249557.0,57.046691744239,14249557.0
2014-09-18,59.56,59.65,59.1,59.45,10978502.0,56.884029255199,10978502.0
2014-09-19,59.81,59.93,59.01,59.06,13932272.0,56.51086236858001,13932272.0
2014-09-22,58.99,59.3,58.41,58.71,8011133.0,56.17596900879301,8011133.0
2014-09-23,56.89,58.27,56.6,57.56,24200339.0,55.075605112351,24200339.0
2014-09-24,57.65,59.35,57.61,59.05,15596007.0,56.50129398687199,15596007.0
2014-09-25,58.47,59.5,57.965,58.0,10054775.0,55.496613907511,10054775.0
2014-09-26,58.5,59.24,58.1,59.19,15855525.0,56.635251330786,15855525.0
2014-09-29,58.18,58.83,57.94,58.52,7629447.0,55.994169756337,7629447.0
2014-09-30,58.3,58.81,57.73,57.76,8506012.0,55.266972746514995,8506012.0
2014-10-01,57.93,57.94,56.96,57.23,8424969.0,54.759848515981,8424969.0
2014-10-03,57.35,58.78,57.34,58.69,11665249.0,56.156832245377,11665249.0
2014-10-06,58.59,58.99,57.66,57.81,7359936.0,55.314814655056,7359936.0
2014-10-07,57.6,57.6,56.51,56.65,8924483.0,54.204882376906006,8924483.0
2014-10-08,56.54,58.45,56.18,58.34,10892979.0,55.82193888559,10892979.0
2014-10-09,58.52,58.55,56.71,56.72,11870209.0,54.271861048863,11870209.0
2014-10-10,55.96,56.67,54.95,54.97,12108413.0,52.999266281673,12108413.0
2014-10-13,54.92,55.15,53.58,53.62,16861090.0,51.697665236007005,16861090.0
2014-10-14,53.59,54.835,53.02,54.13,14226691.0,52.189381186591994,14226691.0
2014-10-15,52.35,55.72,52.06,54.63,119085531.0,52.67145564795,119085531.0
2014-10-16,55.9,55.9,52.84,52.9,61231977.0,51.003478011652,61231977.0
2014-10-17,53.78,53.9027,52.9,53.37,31753499.0,51.456628005329,31753499.0
2014-10-20,52.25,54.59,52.25,54.41,17899535.0,52.459342884953,17899535.0
2014-10-21,55.3,56.445,55.02,56.29,17510450.0,54.271942859658004,17510450.0
2014-10-22,56.96,57.45,56.26,56.9,16048110.0,54.860073702514,16048110.0
2014-10-23,57.99,59.7,57.88,59.52,14622442.0,57.386143880029,14622442.0
2014-10-24,59.34,60.41,59.34,60.29,10376054.0,58.12853855051999,10376054.0
2014-10-27,60.35,60.98,60.21,60.49,10008520.0,58.321368335063,10008520.0
2014-10-28,60.76,61.13,60.44,60.93,9400651.0,58.745593861058,9400651.0
2014-10-29,60.97,60.99,59.36,59.98,16543736.0,57.829652384477995,16543736.0
2014-10-30,60.06,61.43,59.91,61.18,11954088.0,58.986631091737,11954088.0
2014-10-31,63.34,63.99,62.3701,63.46,14990037.0,61.184890635528,14990037.0
2014-11-03,63.66,63.9,62.94,63.25,8237938.0,60.982419361758005,8237938.0
2014-11-04,63.52,63.61,62.32,62.66,9740850.0,60.413571497356,9740850.0
2014-11-06,62.77,63.39,62.42,62.71,5150480.0,60.461778943492,5150480.0
2014-11-07,62.23,62.33,61.31,61.5,6999849.0,59.295158747006,6999849.0
2014-11-10,61.99,64.06,61.87,63.79,9513038.0,61.503059780025,9513038.0
2014-11-11,63.69,64.2,63.5,63.85,5041212.0,61.560908715387,5041212.0
2014-11-12,63.56,64.02,63.56,63.76,5366390.0,61.474135312342995,5366390.0
2014-11-13,64.25,64.7901,63.4,63.63,4510242.0,61.348795952390006,4510242.0
2014-11-14,63.98,64.0,63.13,64.0,4684199.0,61.705531053795006,4684199.0
2014-11-17,64.08,65.41,64.03,65.04,7117082.0,62.708245933419,7117082.0
2014-11-18,64.89,66.24,64.78,66.05,6429298.0,63.68203634536199,6429298.0
2014-11-19,65.88,66.148,65.22,65.5,5700696.0,63.15175443786801,5700696.0
2014-11-20,65.05,65.68,64.93,65.19,4975545.0,62.852868271826,4975545.0
2014-11-21,66.41,67.36,65.75,67.36,9165671.0,64.945071434119,9165671.0
2014-11-24,67.4,68.0601,67.4,67.78,7729765.0,65.35001398166,7729765.0
2014-11-25,67.63,68.21,67.145,68.06,7550833.0,65.61997568002,7550833.0
2014-11-26,68.26,68.86,67.881,68.7,4045573.0,66.23703099055801,4045573.0
2014-11-28,68.99,69.48,68.89,69.2,2953678.0,66.719105451916,2953678.0
2014-12-01,69.03,69.5,68.83,69.11,4884290.0,66.632332048871,4884290.0
2014-12-02,69.14,69.4901,68.645,69.27,6490415.0,66.786595876506,6490415.0
2014-12-04,68.395,69.86,68.29,69.57,7662995.0,67.07584055331999,7662995.0
2014-12-05,69.52,70.17,69.34,69.71,4348340.0,67.210821402501,4348340.0
2014-12-09,68.21,69.19,67.61,69.14,6833425.0,66.661256516553,6833425.0
2014-12-10,69.22,69.44,67.53,67.58,8555004.0,65.15718419711601,8555004.0
2014-12-12,66.54,67.17,65.01,65.27,9201021.0,62.930000185644,9201021.0
2014-12-15,66.0,66.47,64.81,65.62,7200392.0,63.267452308593995,7200392.0
2014-12-16,65.11,66.94,64.8,65.25,8500850.0,62.910717207188995,8500850.0
2014-12-17,65.49,66.735,65.09,66.57,5930779.0,64.183393785174,5930779.0
2014-12-18,67.86,68.01,67.2,67.92,7168389.0,65.48499483084001,7168389.0
2014-12-19,67.68,68.62,66.84,67.71,12657296.0,65.282523557069,12657296.0
2014-12-22,67.96,68.25,66.83,66.97,12854651.0,64.56905335425999,12854651.0
2014-12-23,67.17,67.32,64.02,64.35,12112815.0,62.042983176745004,12112815.0
2014-12-24,64.75,66.95,64.75,66.21,4713104.0,63.836300172996,4713104.0
2014-12-26,66.58,67.24,66.51,66.98,4150451.0,64.578694843487,4150451.0
2014-12-30,66.84,67.1601,66.02,66.3,5478825.0,63.92307357604101,5478825.0
2014-12-31,66.78,67.1,65.35,65.44,3976690.0,63.093905502504995,3976690.0
2015-01-02,65.67,66.4,65.49,65.89,5085633.0,63.527772517727,5085633.0
2015-01-05,65.5,66.1,63.88,64.65,8001789.0,62.33222785356,8001789.0
2015-01-06,64.94,65.75,63.7,64.33,5484189.0,62.023700198290996,5484189.0
2015-01-08,67.97,68.29,67.42,67.63,7927528.0,65.205391643252,7927528.0
2015-01-12,66.35,66.928,65.3104,65.76,6140979.0,63.402433157774,6140979.0
2015-01-13,65.72,66.07,62.91,63.39,13897496.0,61.589833183069,13897496.0
2015-01-14,62.62,64.07,61.86,63.7,9425929.0,61.891029717014,9425929.0
2015-01-15,63.99,64.11,62.87,62.89,6140503.0,61.104032321868,6140503.0
2015-01-20,65.06,65.29,62.75,63.45,9055982.0,61.648129286413,9055982.0
2015-01-21,63.14,63.19,62.28,62.7,7957409.0,60.919427994612,7957409.0
2015-01-22,63.2,63.45,61.88,62.98,8941029.0,61.19147647688401,8941029.0
2015-01-23,63.66,63.66,62.35,62.43,6880963.0,60.65709552956299,6880963.0
2015-01-26,62.26,63.04,61.68,62.83,8181088.0,61.045736218524,8181088.0
2015-01-28,63.45,63.56,61.69,61.85,6901478.0,60.09356653057,6901478.0
2015-01-29,62.12,63.38,61.59,63.12,8464862.0,61.32750071801999,8464862.0
2015-01-30,62.08,62.68,60.12,60.35,17571565.0,58.636163946967,17571565.0
2015-02-02,60.97,61.49,58.65,60.7,11467798.0,58.97622454980699,11467798.0
2015-02-03,61.6,61.76,59.98,61.65,10714624.0,59.899246186089,10714624.0
2015-02-04,58.87,58.95,56.65,56.91,31028514.0,55.293854021903,31028514.0
2015-02-06,57.7,57.83,56.69,56.9,13810468.0,55.284138004679,13810468.0
2015-02-09,55.67,56.35,55.18,55.48,22341320.0,53.904463558867995,22341320.0
2015-02-10,55.96,57.005,55.6,56.89,18910411.0,55.27442198745499,18910411.0
2015-02-11,57.18,57.83,56.26,56.69,14652767.0,55.080101642974995,14652767.0
2015-02-12,57.4,57.58,56.16,57.05,11902410.0,55.429878263039996,11902410.0
2015-02-13,57.35,58.1,56.9,58.05,10874160.0,56.401479985442,10874160.0
2015-02-17,58.95,59.0,57.9,58.72,12377507.0,57.052453139450996,12377507.0
2015-02-18,58.97,59.48,58.305,59.24,10715833.0,57.55768603510001,10715833.0
2015-02-19,59.1,59.08,58.65,59.0,8632232.0,57.324501621724,8632232.0
2015-02-20,59.61,61.34,59.22,61.3,15401040.0,59.559185583249,15401040.0
2015-02-23,61.33,61.9,60.24,60.57,11446401.0,58.849916325895,11446401.0
2015-02-24,60.85,61.3,60.52,60.87,7884348.0,59.141396842616,7884348.0
2015-02-25,61.1,61.1,60.21,60.62,9952486.0,58.898496412015,9952486.0
2015-02-26,60.35,60.81,60.27,60.52,7327735.0,58.801336239775,7327735.0
2015-02-27,60.53,60.99,60.37,60.5,8649052.0,58.781904205326995,8649052.0
2015-03-02,60.3,60.75,60.06,60.46,6142774.0,58.743040136431,6142774.0
2015-03-03,60.35,60.45,59.4371,59.62,7387712.0,57.926894689613,7387712.0
2015-03-04,59.32,60.42,59.03,60.27,8535634.0,58.55843580917401,8535634.0
2015-03-05,57.21,59.48,56.649,56.86,47051781.0,55.245273935783004,47051781.0
2015-03-06,56.95,57.4,55.44,55.64,22852963.0,54.059919834453,22852963.0
2015-03-09,55.93,56.03,55.26,55.54,14779867.0,53.962759662212,14779867.0
2015-03-10,55.22,56.3,54.78,55.84,17907725.0,54.254240178933,17907725.0
2015-03-11,56.19,56.8772,55.6628,56.62,14628990.0,55.012089522406995,14628990.0
2015-03-12,56.78,58.905,56.65,58.0,18152934.0,56.352899899322004,18152934.0
2015-03-13,58.12,58.87,57.345,58.0,10060204.0,56.352899899322004,10060204.0
2015-03-16,58.46,59.7,58.33,59.12,11956923.0,57.441093828412,11956923.0
2015-03-17,58.72,60.18,58.7,59.73,10727905.0,58.033770879077,10727905.0
2015-03-18,59.76,60.42,59.25,59.89,11759485.0,58.189227154662,11759485.0
2015-03-19,60.09,61.4762,59.99,61.19,14002558.0,59.452309393784,14002558.0
2015-03-20,61.5,61.73,60.32,60.4,12748537.0,58.68474403308699,12748537.0
2015-03-23,60.05,61.19,59.62,60.48,7907559.0,58.762472170879,7907559.0
2015-03-24,60.65,60.82,59.45,59.63,7847462.0,57.936610706836994,7847462.0
2015-03-25,60.08,60.09,58.21,58.22,11098605.0,56.56665227825,11098605.0
2015-03-26,57.98,58.09,57.22,57.27,10801700.0,55.643630641968,10801700.0
2015-03-27,57.63,58.05,57.31,57.65,6766437.0,56.012839296481,6766437.0
2015-03-30,57.93,58.34,57.79,58.24,5510142.0,56.586084312698,5510142.0
2015-03-31,58.01,58.81,57.71,58.54,11757160.0,56.877564829419,11757160.0
2015-04-01,58.48,58.49,56.33,57.1,14244703.0,55.47845834915999,14244703.0
2015-04-02,57.44,57.81,56.9,57.01,8752495.0,55.391014194144,8752495.0
2015-04-06,56.81,57.89,56.68,57.61,10255253.0,55.973975227585,10255253.0
2015-04-07,58.25,58.75,57.785,58.42,10157777.0,56.760972622730996,10157777.0
2015-04-08,58.5,58.98,57.95,58.81,10999186.0,57.139897294467,10999186.0
2015-04-09,59.2,60.43,59.05,60.32,12586317.0,58.607015895295,12586317.0
2015-04-10,60.5,62.33,60.32,62.0,17755268.0,60.23930678893001,17755268.0
2015-04-13,61.81,62.16,61.06,61.2,10547501.0,59.957542289433,10547501.0
2015-04-14,61.4,61.81,60.51,61.72,12990667.0,60.466985459213,12990667.0
2015-04-15,62.1,62.7,61.97,62.03,11237354.0,60.77069196427399,11237354.0
2015-04-16,61.8,62.91,61.65,62.59,9784729.0,61.31932307019,9784729.0
2015-04-17,62.12,62.79,61.87,62.29,9536395.0,61.025413549164,9536395.0
2015-04-20,62.91,64.0,62.8,63.54,12716049.0,62.250036553441,12716049.0
2015-04-21,63.89,64.24,63.27,63.61,8422738.0,62.318615441681004,8422738.0
2015-04-22,63.6,64.73,63.5605,64.52,13685470.0,63.210140988795004,13685470.0
2015-04-23,65.26,65.31,62.73,64.25,18349510.0,62.94562241987099,18349510.0
2015-04-24,64.31,66.37,64.14,66.07,14607457.0,64.728673514099,14607457.0
2015-04-27,66.02,66.66,64.86,65.02,18063045.0,63.699990190506,18063045.0
2015-04-28,64.6,66.49,64.2,66.49,12976006.0,65.140146843536,12976006.0
2015-04-29,65.7,66.18,65.51,65.63,9840133.0,64.297606216593,9840133.0
2015-04-30,65.39,65.92,64.32,64.66,10126368.0,63.347298765274,10126368.0
2015-05-01,65.09,65.5,63.88,64.32,9841586.0,63.014201308109996,9841586.0
2015-05-04,64.32,65.4375,64.01,64.68,8493439.0,63.366892733342,8493439.0
2015-05-05,64.2,64.9,63.78,63.86,7635922.0,62.56354004253601,7635922.0
2015-05-06,64.11,64.529,63.4,63.94,8476305.0,62.64191591481,8476305.0
2015-05-07,63.59,64.81,63.59,64.7,8638220.0,63.386486701411,8638220.0
2015-05-08,65.1,65.8,64.9,65.24,7541105.0,63.915523839259,7541105.0
2015-05-11,65.19,65.8,65.08,65.2,7978734.0,63.876335903122,7978734.0
2015-05-12,64.75,65.27,64.59,64.81,5926876.0,63.494253525787,5926876.0
2015-05-13,64.98,65.32,64.63,65.3,8502694.0,63.974305743464,8502694.0
2015-05-14,65.86,66.27,64.94,65.97,5868887.0,64.630703673757,5868887.0
2015-05-15,65.93,66.52,65.91,65.99,6771401.0,64.650297641825,6771401.0
2015-05-18,65.79,65.91,65.14,65.61,7808651.0,64.278012248525,7808651.0
2015-05-19,65.71,66.12,65.4,65.73,7671356.0,64.395576056936,7671356.0
2015-05-20,65.92,66.2,65.39,65.89,8992550.0,64.552327801483,8992550.0
2015-05-21,65.45,65.805,64.87,65.65,10548989.0,64.317200184662,10548989.0
2015-05-22,65.48,65.87,65.31,65.48,14005014.0,64.15065145608001,14005014.0
2015-05-26,65.72,67.0,65.66,66.1,20863719.0,64.758064466202,20863719.0
2015-05-27,66.75,67.99,66.57,67.38,39408849.0,66.012078422582,39408849.0
2015-05-28,67.42,67.53,66.63,67.47,12366070.0,66.10025127889,12366070.0
2015-05-29,67.22,67.515,66.39,66.59,9201845.0,65.238116683879,9201845.0
2015-06-01,66.8,67.26,66.26,66.93,12148375.0,65.571214141042,12148375.0
2015-06-02,66.7,67.23,66.33,66.62,11132717.0,65.26750763598099,11132717.0
2015-06-03,66.9,67.3,66.62,67.01,17545896.0,65.649590013316,17545896.0
2015-06-04,66.55,67.87,66.52,67.42,10522628.0,66.05126635871899,10522628.0
2015-06-05,66.98,67.755,66.62,67.4,8885351.0,66.031672390651,8885351.0
2015-06-08,67.86,68.2,67.53,67.79,9183252.0,66.413754767985,9183252.0
2015-06-09,67.52,68.08,67.51,67.67,8132783.0,66.296190959575,8132783.0
2015-06-10,67.66,68.44,67.54,68.24,7349344.0,66.854619049525,7349344.0
2015-06-11,68.67,68.67,67.65,68.04,7552238.0,66.65867936884099,7552238.0
2015-06-12,67.89,67.93,66.59,67.05,8249850.0,65.688777949453,8249850.0
2015-06-15,66.66,67.05,66.1,66.91,6921087.0,65.55162017297401,6921087.0
2015-06-16,66.72,67.4,66.62,66.77,5200725.0,65.414462396495,5200725.0
2015-06-17,66.97,67.99,66.88,67.77,7336918.0,66.394160799917,7336918.0
2015-06-18,67.79,69.07,67.79,68.98,9029627.0,67.57959586805801,9029627.0
2015-06-19,68.5,69.75,68.5,69.48,9892954.0,68.069445069769,9892954.0
2015-06-22,69.85,70.6,69.73,70.12,9093839.0,68.696452047959,9093839.0
2015-06-23,70.01,70.49,69.565,70.02,7161959.0,68.598482207616,7161959.0
2015-06-24,70.52,70.75,69.03,69.22,9264907.0,67.814723484879,9264907.0
2015-06-25,69.67,70.38,69.29,69.82,6171273.0,68.402542526932,6171273.0
2015-06-26,69.95,70.6,69.68,70.51,6297122.0,69.078534425293,6297122.0
2015-06-29,69.27,70.02,67.08,67.18,11976902.0,65.816138741898,11976902.0
2015-06-30,68.0,68.22,66.66,67.23,9225296.0,65.865123662069,9225296.0
2015-07-01,67.9,68.6,67.68,68.51,7534355.0,67.119137618449,7534355.0
2015-07-02,68.68,68.9,67.79,68.21,6214631.0,66.825228097422,6214631.0
2015-07-06,67.53,69.001,67.49,68.22,17018658.0,66.835025081457,17018658.0
2015-07-07,68.42,68.79,67.32,68.56,7803402.0,67.16812253862,7803402.0
2015-07-08,67.79,68.44,67.58,67.66,4952816.0,66.28639397554,4952816.0
2015-07-09,68.48,68.92,67.8,67.97,6494335.0,66.590100480601,6494335.0
2015-07-10,68.94,69.5,68.53,69.23,6823715.0,67.82452046891301,6823715.0
2015-07-14,69.71,70.52,69.4,69.8,6573316.0,68.382948558864,6573316.0
2015-07-15,69.81,70.04,69.31,69.75,6761072.0,68.33396363869299,6761072.0
2015-07-16,70.14,70.3,70.3,69.99,6843790.0,68.569091255514,6843790.0
2015-07-17,69.99,70.125,69.7,69.99,5924634.0,68.569091255514,5924634.0
2015-07-20,70.0,71.11,69.86,70.8,9508375.0,69.362646962286,9508375.0
2015-07-21,70.81,71.6,70.22,70.54,4968732.0,69.107925377396,4968732.0
2015-07-22,70.26,70.65,70.03,70.56,5701696.0,69.127519345464,5701696.0
2015-07-23,70.25,70.93,70.135,70.52,5628378.0,69.088331409328,5628378.0
2015-07-24,67.53,69.015,67.35,68.08,13445508.0,66.697867304978,13445508.0
2015-07-27,68.46,70.96,68.46,69.34,12354582.0,67.93228729328901,12354582.0
2015-07-28,69.5,71.44,69.08,71.23,9826083.0,69.78391727575699,9826083.0
2015-07-29,71.29,71.51,70.74,70.77,6722083.0,69.333256010183,6722083.0
2015-07-30,70.86,70.88,69.27,70.16,6784924.0,68.735639984096,6784924.0
2015-07-31,70.38,70.38,69.73,70.01,6106727.0,68.588685223582,6106727.0
2015-08-03,70.19,70.79,69.275,69.73,9216410.0,68.314369670624,9216410.0
2015-08-04,70.04,70.39,69.67399999999999,69.95,5391540.0,68.529903319377,5391540.0
2015-08-05,70.1,70.64,70.05,70.3,10048179.0,68.872797760575,10048179.0
2015-08-06,70.37,70.78,68.8,69.24,6163572.0,67.83431745294699,6163572.0
2015-08-07,69.08,69.3,67.77,68.62,6180029.0,67.226904442826,6180029.0
2015-08-10,68.92,69.43,68.5003,69.21,8122383.0,67.804926500845,8122383.0
2015-08-11,68.5,69.29,67.94,68.25,7365492.0,66.864416033559,7365492.0
2015-08-12,67.83,68.92,67.24,68.75,8337643.0,67.35426523526999,8337643.0
2015-08-13,68.68,69.09,68.21,68.54,7118430.0,67.148528570552,7118430.0
2015-08-14,68.56,69.44,68.4103,68.65,5845583.0,67.256295394928,5845583.0
2015-08-17,68.71,69.82,68.3001,69.37,7402490.0,67.961678245392,7402490.0
2015-08-18,69.42,69.74,68.67,68.86,6147431.0,67.462032059647,6147431.0
2015-08-19,68.75,69.0798,68.21,68.59,6230154.0,67.197513490723,6230154.0
2015-08-20,68.0,68.43,67.48,67.48,9537231.0,66.11004826292401,9537231.0
2015-08-21,66.74,67.16,65.83,65.9,16243785.0,64.562124785517,16243785.0
2015-08-24,61.17,64.85,53.87,64.26,17836994.0,62.955419403905,17836994.0
2015-08-25,65.11,65.12,60.65,60.71,15061620.0,59.477490071757,15061620.0
2015-08-26,62.47,63.22,60.88,63.14,14942172.0,61.858157192072,14942172.0
2015-08-27,64.0,64.6,63.0,64.51,11119475.0,63.200344004761,11119475.0
2015-08-28,64.45,64.78,63.44,63.98,7298728.0,62.681103850947,7298728.0
2015-08-31,64.17,64.31,62.2545,62.41,15580921.0,61.142977357574,15580921.0
2015-09-01,61.33,61.63,60.16,60.5,12538114.0,59.27175340703801,12538114.0
2015-09-02,61.18,61.6,60.28,60.98,11934611.0,59.742008640681,11934611.0
2015-09-03,61.45,62.28,61.35,61.58,11603268.0,60.329827682734006,11603268.0
2015-09-04,60.65,60.8,58.9638,59.77,9217170.0,58.55657357254,9217170.0
2015-09-08,60.22,60.94,59.91,60.57,9217708.0,59.340332295277996,9217708.0
2015-09-09,61.52,61.52,59.11,59.26,8436873.0,58.056927386794996,8436873.0
2015-09-10,59.36,60.13,58.89,59.58,9306601.0,58.37043087589001,9306601.0
2015-09-11,59.62,59.76,58.97,59.35,9365126.0,58.145100243103,9365126.0
2015-09-14,59.43,59.62,57.54,58.94,9077992.0,57.743423897699,9077992.0
2015-09-15,58.98,59.44,58.37,59.2,10321464.0,57.998145482588995,10321464.0
2015-09-16,59.5,59.64,58.625,59.51,7992984.0,58.301851987650004,7992984.0
2015-09-17,59.56,60.92,59.39,59.86,10018587.0,58.644746428848,10018587.0
2015-09-18,59.42,61.83,58.97,61.22,28734852.0,59.977136257502,28734852.0
2015-09-21,61.24,61.74,59.285,59.39,10964638.0,58.184288179239,10964638.0
2015-09-22,58.17,58.26,56.91,57.74,13999743.0,56.567785813593,13999743.0
2015-09-23,57.9,58.4,57.15,57.43,9814050.0,56.264079308532,9814050.0
2015-09-24,56.93,57.48,55.92,56.57,8303864.0,55.42153868158901,8303864.0
2015-09-25,57.84,57.88,55.08,55.74,8631798.0,54.608389006749,8631798.0
2015-09-28,55.39,55.43,52.3401,52.5,15000639.0,51.434166179661,15000639.0
2015-09-29,53.1,54.19,51.88,52.79,12635736.0,51.718278716653,12635736.0
2015-09-30,53.54,54.5,53.36,54.41,11777177.0,53.305390130197,11777177.0
2015-10-01,54.68,55.23,53.93,55.13,9116188.0,54.010772980661,9116188.0
2015-10-02,53.87,55.85,53.72,55.82,6910421.0,54.686764879022,6910421.0
2015-10-05,56.39,56.95,55.44,56.68,9211688.0,55.529305505965006,9211688.0
2015-10-06,56.26,56.67,53.96,55.08,8842800.0,53.96178806049,8842800.0
2015-10-07,54.85,56.55,53.91,55.63,11056118.0,54.500622182372,11056118.0
2015-10-08,55.13,56.16,54.8,56.04,6722451.0,54.902298527775,6722451.0
2015-10-09,56.18,56.5,55.47,55.64,7150658.0,54.510419166406,7150658.0
2015-10-12,55.8,56.27,55.52,55.77,6515047.0,54.637779958851006,6515047.0
2015-10-13,55.17,55.36,53.705,53.8,9283809.0,53.207420289855,9283809.0
2015-10-14,54.09,54.62,53.565,53.94,8601899.0,53.34587826087,8601899.0
2015-10-15,54.32,56.2,53.85,56.14,7654110.0,55.521646376812,7654110.0
2015-10-16,56.29,56.97,55.7902,56.53,7276321.0,55.90735072463801,7276321.0
2015-10-19,56.29,56.7,55.685,56.16,6410792.0,55.541426086956996,6410792.0
2015-10-20,56.15,56.3799,54.63,54.83,6399927.0,54.226075362319,6399927.0
2015-10-21,55.28,55.61,53.07,53.83,11638830.0,53.237089855072,11638830.0
2015-10-22,53.88,54.44,45.45,48.27,45930921.0,47.738330434783,45930921.0
2015-10-23,49.41,51.73,48.64,50.34,25993074.0,49.785530434783,25993074.0
2015-10-26,50.17,52.4775,49.35,51.87,13794310.0,51.29867826087,13794310.0
2015-10-27,52.01,53.49,52.01,52.58,11562034.0,52.00085797101401,11562034.0
2015-10-28,52.82,53.8414,52.08,53.26,7780934.0,52.673368115942004,7780934.0
2015-10-29,53.2,55.18,53.02,54.1,8919779.0,53.504115942028996,8919779.0
2015-10-30,57.87,60.73,57.66,59.55,26851612.0,58.894086956521996,26851612.0
2015-11-02,61.6,64.2,61.44,63.38,17002724.0,62.681901449274996,17002724.0
2015-11-03,63.12,63.72,61.92,62.43,8726459.0,61.742365217391004,8726459.0
2015-11-04,62.43,64.15,62.3,63.8,10040304.0,63.097275362319,10040304.0
2015-11-05,63.7,64.18,61.69,62.77,10209481.0,62.078620289855,10209481.0
2015-11-06,62.25,64.3,62.13,64.13,7219634.0,63.423640579709996,7219634.0
2015-11-09,63.62,64.13,63.11,63.23,8239363.0,62.533553623188,8239363.0
2015-11-10,63.33,63.62,62.2775,62.3,6740841.0,61.613797101449,6740841.0
2015-11-11,62.2,62.27,60.57,60.86,8170612.0,60.189657971014,8170612.0
2015-11-12,60.79,61.7297,60.15,60.23,7495509.0,59.566597101449005,7495509.0
2015-11-13,60.01,60.97,58.89,59.86,7197882.0,59.200672463767994,7197882.0
2015-11-16,59.74,60.81,59.56,60.01,6908504.0,59.349020289855005,6908504.0
2015-11-17,60.1,61.73,59.73,60.38,8167060.0,59.714944927536,8167060.0
2015-11-18,60.26,61.06,59.8501,60.99,5454081.0,60.318226086957,5454081.0
2015-11-19,61.22,61.73,60.14,60.55,5342505.0,59.883072463767995,5342505.0
2015-11-20,60.94,61.36,60.57,61.11,7280928.0,60.436904347826,7280928.0
2015-11-23,61.31,61.53,60.84,61.15,6394680.0,60.476463768116,6394680.0
2015-11-24,60.56,61.65,60.53,61.13,5213494.0,60.456684057971,5213494.0
2015-11-25,61.1,61.13,60.21,60.29,4858894.0,59.62593623188401,4858894.0
2015-11-27,60.17,60.45,59.61,60.0,2404142.0,59.339130434783,2404142.0
2015-11-30,59.96,60.21,57.9601,58.15,12027730.0,57.509507246377,12027730.0
2015-12-01,58.23,59.095,57.16,59.02,11164343.0,58.369924637680995,11164343.0
2015-12-02,59.17,59.39,57.37,57.72,7619683.0,57.084243478261,7619683.0
2015-12-03,57.71,57.75,55.53,56.12,9653256.0,55.501866666667006,9653256.0
2015-12-04,56.5,57.48,56.2,57.18,6703521.0,56.550191304348004,6703521.0
2015-12-07,57.9,57.99,55.76,56.27,7839433.0,55.650214492754,7839433.0
2015-12-08,55.56,56.87,55.51,56.67,6881291.0,56.045808695652,6881291.0
2015-12-09,56.28,57.44,55.72,56.03,6192008.0,55.412857971014006,6192008.0
2015-12-10,56.0,56.65,55.65,55.78,6728430.0,55.16561159420299,6728430.0
2015-12-11,55.17,55.39,53.85,54.04,9212519.0,53.444776811594,9212519.0
2015-12-14,53.71,55.475,53.24,55.44,9325643.0,54.829356521738994,9325643.0
2015-12-15,56.15,57.0,55.91,56.39,6955839.0,55.768892753623,6955839.0
2015-12-16,56.67,57.69,56.2,57.63,6158706.0,56.995234782608996,6158706.0
2015-12-17,57.66,57.93,56.35,56.38,7700104.0,55.759002898550996,7700104.0
2015-12-18,55.9,56.1,55.36,55.74,12107760.0,55.126052173913,12107760.0
2015-12-21,56.0,56.26,55.7,56.2,4543253.0,55.580985507246,4543253.0
2015-12-22,56.54,57.985,56.42,57.59,8322902.0,56.955675362319,8322902.0
2015-12-23,57.88,58.61,57.61,58.58,6046790.0,57.934771014492995,6046790.0
2015-12-24,58.38,58.73,58.0,58.46,2152905.0,57.816092753622996,2152905.0
2015-12-28,58.27,58.97,57.76,58.75,5558567.0,58.102898550725,5558567.0
2015-12-29,59.02,59.7,59.02,59.45,5028718.0,58.795188405797006,5028718.0
2015-12-30,59.4,60.12,59.31,59.8,5199002.0,59.141333333332994,5199002.0
2015-12-31,59.5,59.93,59.2,59.24,6019326.0,58.587501449274995,6019326.0
2016-01-04,58.06,58.32,56.4,57.61,9243876.0,56.975455072464,9243876.0
2016-01-05,57.99,58.25,56.815,57.37,7063749.0,56.738098550725,7063749.0
2016-01-06,56.37,57.56,56.18,57.38,8677066.0,56.747988405797,8677066.0
2016-01-07,56.52,57.84,56.34,57.21,9292584.0,56.579860869565,9292584.0
2016-01-08,57.55,57.81,55.48,55.65,7884382.0,55.037043478261005,7884382.0
2016-01-11,55.86,55.98,52.83,53.88,10467979.0,53.286539130435,10467979.0
2016-01-12,54.47,54.9701,53.57,54.84,6698731.0,54.235965217391005,6698731.0
2016-01-13,54.55,54.62,50.98,51.18,10110760.0,51.18,10110760.0
2016-01-14,51.32,56.8295,50.71,54.56,16630569.0,54.56,16630569.0
2016-01-15,53.01,57.41,53.01,57.34,26689238.0,57.34,26689238.0
2016-01-19,57.53,57.73,54.23,54.99,13580346.0,54.99,13580346.0
2016-01-20,54.21,57.93,53.7,57.15,11813752.0,57.15,11813752.0
2016-01-21,57.29,58.77,56.92,58.36,12053949.0,58.36,12053949.0
2016-01-22,59.1,59.43,57.82,58.83,10362080.0,58.83,10362080.0
2016-01-25,59.03,59.81,58.18,58.65,9471141.0,58.65,9471141.0
2016-01-26,59.01,59.27,57.21,58.26,7419039.0,58.26,7419039.0
2016-01-27,58.36,58.93,56.45,57.11,9032860.0,57.11,9032860.0
2016-01-28,57.23,57.73,54.78,55.85,10500509.0,55.85,10500509.0
2016-01-29,53.42,55.31,53.42,54.9,17634773.0,54.9,17634773.0
2016-02-01,54.16,54.88,52.51,54.39,11677507.0,54.39,11677507.0
2016-02-02,53.64,54.78,53.32,53.95,7826029.0,53.95,7826029.0
2016-02-03,54.53,57.18,54.05,56.84,16387937.0,56.84,16387937.0
2016-02-04,56.74,57.31,55.355,56.76,10230990.0,56.76,10230990.0
2016-02-05,56.25,56.34,52.62,53.12,13122676.0,53.12,13122676.0
2016-02-08,52.58,54.1,51.941,52.89,9273977.0,52.89,9273977.0
2016-02-09,52.31,53.94,52.06,53.48,7547508.0,53.48,7547508.0
2016-02-10,54.11,54.69,52.55,52.72,9278517.0,52.72,9278517.0
2016-02-11,52.3,53.12,51.8162,52.18,8478227.0,52.18,8478227.0
2016-02-12,52.53,52.97,51.6,52.58,9947570.0,52.58,9947570.0
2016-02-16,53.44,53.87,52.73,53.51,8219968.0,53.51,8219968.0
2016-02-17,54.34,55.155,53.35,55.01,9937157.0,55.01,9937157.0
2016-02-18,55.53,55.53,54.17,54.55,6538195.0,54.55,6538195.0
2016-02-19,54.5,55.0,53.98,54.29,8504418.0,54.29,8504418.0
2016-02-22,54.67,55.32,53.74,55.28,7998885.0,55.28,7998885.0
2016-02-23,55.7,56.31,55.0,55.07,8571636.0,55.07,8571636.0
2016-02-24,54.66,55.07,54.01,54.89,6302023.0,54.89,6302023.0
2016-02-25,55.17,56.23,54.43,56.2,6587143.0,56.2,6587143.0
2016-02-26,56.26,56.79,55.8,56.0,5271006.0,56.0,5271006.0
2016-02-29,55.87,56.0,54.47,54.61,7796775.0,54.61,7796775.0
2016-03-01,54.78,56.34,54.24,56.34,7092225.0,56.34,7092225.0
2016-03-02,56.17,56.43,55.4,55.7,7023272.0,55.7,7023272.0
2016-03-03,55.69,56.0859,55.15,55.93,9262431.0,55.93,9262431.0
2016-03-04,56.0,56.69600000000001,55.3,56.15,6396095.0,56.15,6396095.0
2016-03-07,55.7,56.5,54.83,56.4,7698525.0,56.4,7698525.0
2016-03-08,56.18,56.47,55.23,55.32,5127549.0,55.32,5127549.0
2016-03-09,55.51,56.65,55.04,56.39,8309657.0,56.39,8309657.0
2016-03-11,56.4,57.87,56.35,57.73,6378846.0,57.73,6378846.0
2016-03-14,57.67,57.73,56.97,57.21,4615282.0,57.21,4615282.0
2016-03-15,56.65,56.93,55.128,55.62,5602104.0,55.62,5602104.0
2016-03-16,55.58,56.54,55.25,56.31,6195825.0,56.31,6195825.0
2016-03-17,56.46,56.46,54.41,55.32,8307931.0,55.32,8307931.0
2016-03-18,55.59,56.6,54.8,56.57,11029792.0,56.57,11029792.0
2016-03-21,56.52,56.775,55.73,56.01,6632919.0,56.01,6632919.0
2016-03-22,55.75,57.54,55.75,57.5,7660904.0,57.5,7660904.0
2016-03-23,57.16,57.5,56.22,56.36,5116420.0,56.36,5116420.0
2016-03-24,56.14,56.25,55.67,56.12,4973653.0,56.12,4973653.0
