Date,Date,Open,High,Low,Close,Volume,Adj. Close,Adj. Volume
2013-02-01,,31.5,31.74,30.47,31.01,66789100.0,30.330270568451,66789100.0
2013-02-04,,31.09,31.99,30.76,31.02,7695400.0,30.340051371601,7695400.0
2013-02-05,,31.25,31.98,30.85,31.04,5013200.0,30.359612977901,5013200.0
2013-02-06,,30.98,31.43,30.75,31.03,2126100.0,30.349832174751,2126100.0
2013-02-07,,31.0,32.73,31.0,32.0,3800800.0,31.29857008031,3800800.0
2013-02-08,,32.31,33.48,32.3,33.05,2599300.0,32.32555441107,2599300.0
2013-02-11,,33.06,33.5,32.88,33.26,1487200.0,32.530951277223004,1487200.0
2013-02-12,,33.4,34.0,33.15,33.74,1637300.0,33.000429828427,1637300.0
2013-02-13,,33.8,33.8,33.0,33.55,1269700.0,32.814594568575004,1269700.0
2013-02-14,,33.39,33.45,32.77,33.27,2954500.0,32.540732080373004,2954500.0
2013-02-15,,33.31,34.09,33.0,33.98,5415400.0,33.235169104029005,5415400.0
2013-02-19,,34.02,34.07,33.57,33.84,1206900.0,33.098237859928005,1206900.0
2013-02-20,,33.84,33.88,32.6,32.72,1842900.0,32.002787907116996,1842900.0
2013-02-21,,32.5,32.8,31.86,32.56,3242300.0,31.846295056716,3242300.0
2013-02-22,,32.78,32.93,32.5,32.59,954500.0,31.875637466166,954500.0
2013-02-25,,32.68,32.69,32.0,32.07,818900.0,31.367035702361,818900.0
2013-02-26,,32.05,32.4,31.99,32.04,1048700.0,31.337693292911002,1048700.0
2013-02-27,,32.0,33.05,32.0,32.32,1343600.0,31.611555781113,1343600.0
2013-02-28,,32.56,33.55,32.56,33.45,2991400.0,32.716786537074,2991400.0
2013-03-01,,33.36,34.7,33.15,34.6,2334000.0,33.841578899336,2334000.0
2013-03-04,,34.8,34.89,34.24,34.35,865400.0,33.597058820583,865400.0
2013-03-05,,34.41,34.48,33.75,34.29,1413400.0,33.538374001682,1413400.0
2013-03-06,,34.34,34.38,33.85,33.85,802000.0,33.108018663078,802000.0
2013-03-07,,33.95,34.68,33.56,34.56,1320000.0,33.802455686735,1320000.0
2013-03-08,,34.03,34.69,33.8,34.09,1541100.0,33.342757938681004,1541100.0
2013-03-11,,33.97,34.26,33.25,34.18,1729400.0,33.430785167031004,1729400.0
2013-03-12,,34.12,34.24,33.6,33.82,1557600.0,33.078676253628004,1557600.0
2013-03-13,,33.9,34.06,33.08,34.0,2240800.0,33.25473071033,2240800.0
2013-03-14,,34.33,35.42,34.3,34.64,1865200.0,33.880702111936,1865200.0
2013-03-15,,34.7,34.84,33.31,33.44,2692100.0,32.707005733924,2692100.0
2013-03-18,,32.75,32.94,32.64,32.84,2372000.0,32.120157544918,2372000.0
2013-03-19,,32.8,33.42,32.33,32.8,1336200.0,32.081034332318,1336200.0
2013-03-20,,32.9,33.54,32.5,33.51,1944000.0,32.775471355975,1944000.0
2013-03-21,,33.9,34.0,33.29,33.47,514500.0,32.736348143375004,514500.0
2013-03-22,,33.55,33.75,32.74,33.12,763300.0,32.394020033121,763300.0
2013-03-25,,33.48,33.48,32.25,32.46,1324600.0,31.748487025215002,1324600.0
2013-03-26,,32.73,32.79,32.0,32.51,1396500.0,31.797391040965,1396500.0
2013-03-27,,32.38,32.89,32.06,32.74,1896800.0,32.022349513417,1896800.0
2013-03-28,,32.85,33.5,32.63,33.4,7434900.0,32.667882521324,7434900.0
2013-04-01,,33.42,33.59,32.43,32.59,1466300.0,31.875637466166,1466300.0
2013-04-02,,32.66,33.13,32.46,32.55,712200.0,31.836514253565998,712200.0
2013-04-03,,32.67,32.98,32.36,32.53,1409700.0,31.816952647265,1409700.0
2013-04-04,,32.41,32.5,31.71,31.84,1946400.0,31.142077229909,1946400.0
2013-04-05,,31.73,32.07,30.57,31.96,3963500.0,31.25944686771,3963500.0
2013-04-08,,31.95,32.98,31.77,32.92,1965200.0,32.198403970119,1965200.0
2013-04-09,,33.05,33.59,32.56,33.44,2004400.0,32.707005733924,2004400.0
2013-04-10,,33.76,33.76,32.98,33.15,969500.0,32.423362442571,969500.0
2013-04-11,,33.22,33.24,32.87,33.16,1826600.0,32.433143245722,1826600.0
2013-04-12,,32.97,33.35,32.6,33.23,723500.0,32.501608867772,723500.0
2013-04-15,,33.07,33.23,32.17,32.24,839500.0,31.533309355913,839500.0
2013-04-16,,32.36,33.37,32.29,33.21,2271200.0,32.482047261472005,2271200.0
2013-04-17,,32.98,33.23,32.17,32.89,3140500.0,32.169061560669,3140500.0
2013-04-18,,33.1,33.1,32.38,32.47,799900.0,31.758267828365003,799900.0
2013-04-19,,32.71,32.79,31.81,32.71,2159300.0,31.993007103967,2159300.0
2013-04-22,,32.9,32.9,32.22,32.66,922100.0,31.944103088217002,922100.0
2013-04-23,,32.78,32.96,31.5,31.7,2731700.0,31.005145985806998,2731700.0
2013-04-24,,31.63,31.69,30.42,30.62,4149300.0,29.948819245597,4149300.0
2013-04-25,,30.93,31.99,30.75,31.55,1520600.0,30.858433938555997,1520600.0
2013-04-26,,31.61,32.68,31.61,32.64,1421800.0,31.924541481916,1421800.0
2013-04-29,,32.95,32.95,32.17,32.66,1711600.0,32.007678308692,1711600.0
2013-04-30,,33.68,34.74,32.93,33.02,3390300.0,32.360487989987995,3390300.0
2013-05-01,,32.97,33.51,32.66,33.39,1393100.0,32.723097940208994,1393100.0
2013-05-02,,33.38,33.87,33.11,33.28,696300.0,32.615294982036,696300.0
2013-05-03,,33.62,33.64,33.0,33.21,998400.0,32.546693099561,998400.0
2013-05-06,,33.35,33.49,32.75,32.94,503700.0,32.282085838589,503700.0
2013-05-07,,33.08,33.08,32.29,32.88,700700.0,32.223284225040004,700700.0
2013-05-08,,33.0,33.44,32.72,33.26,1034100.0,32.595694444186,1034100.0
2013-05-09,,33.31,33.67,33.28,33.55,977200.0,32.879902243008,977200.0
2013-05-10,,33.54,33.61,32.97,33.18,534100.0,32.517292292787,534100.0
2013-05-13,,33.06,33.49,32.75,33.04,438700.0,32.380088527838,438700.0
2013-05-14,,33.13,33.75,32.85,33.08,872300.0,32.419289603538,872300.0
2013-05-15,,32.94,33.06,32.56,32.79,563200.0,32.135081804716,563200.0
2013-05-16,,33.48,33.8,33.16,33.39,1278700.0,32.723097940208994,1278700.0
2013-05-17,,33.35,33.9,33.19,33.9,962200.0,33.222911655379,962200.0
2013-05-20,,33.9,34.0,33.6,33.71,735700.0,33.036706545806,735700.0
2013-05-21,,33.57,33.74,32.99,33.04,1692400.0,32.380088527838,1692400.0
2013-05-22,,32.55,33.99,31.75,33.55,26006000.0,32.879902243008,26006000.0
2013-05-23,,33.25,33.8,32.71,32.84,9008500.0,32.18408314934,9008500.0
2013-05-24,,33.2,33.62,32.53,33.46,5911600.0,32.791699822684,5911600.0
2013-05-28,,33.8,34.28,33.59,34.26,4960300.0,33.575721336675,4960300.0
2013-05-29,,34.25,34.25,32.88,32.95,3095700.0,32.291886107514,3095700.0
2013-05-30,,32.77,33.1,32.1,32.24,3934100.0,31.596067013846998,3934100.0
2013-05-31,,32.3,32.34,31.8,32.0,6512400.0,31.36086055965,6512400.0
2013-06-03,,32.01,32.84,31.31,32.75,3398000.0,32.095880729015995,3398000.0
2013-06-04,,32.83,32.99,31.84,32.4,4513400.0,31.752871316645003,4513400.0
2013-06-05,,32.42,32.42,31.75,32.17,3522300.0,31.527465131373,3522300.0
2013-06-06,,32.17,32.31,31.54,32.08,2918200.0,31.439262711049,2918200.0
2013-06-07,,32.26,32.34,31.21,31.5,5134200.0,30.870847113405,5134200.0
2013-06-10,,31.83,32.11,31.47,32.01,4992100.0,31.370660828574,4992100.0
2013-06-11,,31.7,32.02,31.4,31.7,6367500.0,31.066852491903,6367500.0
2013-06-12,,31.95,32.03,31.4,31.53,7648500.0,30.90024792018,7648500.0
2013-06-13,,31.47,31.55,30.87,31.17,5849800.0,30.547438238884002,5849800.0
2013-06-14,,31.0,31.26,30.61,30.8,10665000.0,30.184828288663002,10665000.0
2013-06-17,,31.4,31.76,30.71,30.96,26785600.0,30.341632591461,26785600.0
2013-06-18,,31.33,31.39,30.95,31.18,24286200.0,30.557238507809,24286200.0
2013-06-19,,31.06,31.24,30.82,31.0,23483400.0,30.380833667161003,23483400.0
2013-06-20,,30.89,31.04,30.05,30.19,14938500.0,29.587011884244,14938500.0
2013-06-21,,30.55,31.09,30.34,30.6,33694200.0,29.988822910165,33694200.0
2013-06-24,,30.15,30.5,29.4,30.38,40766000.0,29.773216993817,40766000.0
2013-06-25,,30.8,31.62,30.5,31.49,13511100.0,30.86104684448,13511100.0
2013-06-26,,31.8,31.9,30.92,30.97,23779700.0,30.351432860385998,23779700.0
2013-06-27,,31.46,31.51,30.79,30.87,16734600.0,30.253430171136998,16734600.0
2013-06-28,,30.9,31.39,30.54,30.89,19415100.0,30.273030708987,19415100.0
2013-07-01,,31.02,31.06,30.13,30.61,17601000.0,29.998623179090004,17601000.0
2013-07-02,,30.22,30.83,29.62,29.7,11157300.0,29.106798706925,11157300.0
2013-07-03,,29.67,29.74,28.97,29.28,12930000.0,28.695187412079,12930000.0
2013-07-05,,29.81,30.18,29.78,30.17,10819200.0,29.567411346395,10819200.0
2013-07-08,,30.45,30.97,30.22,30.94,15675100.0,30.322032053611004,15675100.0
2013-07-09,,31.12,31.4,30.94,30.98,8704800.0,30.361233129311,8704800.0
2013-07-10,,31.08,31.24,30.47,31.04,6506200.0,30.420034742859997,6506200.0
2013-07-11,,31.43,31.45,30.84,30.92,4486900.0,30.302431515761,4486900.0
2013-07-12,,31.02,31.38,31.01,31.35,5429400.0,30.723843079532,5429400.0
2013-07-15,,31.31,31.65,31.1,31.58,4201900.0,30.949249264804,4201900.0
2013-07-16,,31.56,31.65,31.1,31.16,4301200.0,30.537637969959,4301200.0
2013-07-17,,31.23,31.23,30.85,30.99,3545800.0,30.371033398235998,3545800.0
2013-07-18,,31.11,31.2,30.77,30.82,4053700.0,30.204428826511997,4053700.0
2013-07-19,,30.79,30.8,30.12,30.24,8946200.0,29.636013228869,8946200.0
2013-07-22,,30.36,30.59,30.16,30.27,4255800.0,29.665414035643,4255800.0
2013-07-23,,30.41,30.44,29.76,30.06,5091800.0,29.459608388221003,5091800.0
2013-07-24,,30.13,30.55,29.66,29.9,4890100.0,29.302804085423002,4890100.0
2013-07-25,,29.88,30.55,29.71,30.52,5472900.0,29.910420758765998,5472900.0
2013-07-26,,30.4,30.53,30.0,30.43,5051600.0,29.822218338442006,5051600.0
2013-07-29,,30.27,30.54,29.98,30.09,4123600.0,29.489009194995,4123600.0
2013-07-30,,30.15,30.32,29.89,30.04,4630100.0,29.503709598383,4630100.0
2013-07-31,,30.0,30.19,29.8,29.81,5375100.0,29.277815683348997,5375100.0
2013-08-01,,29.97,30.21,29.46,30.16,8105500.0,29.621567293183,8105500.0
2013-08-02,,30.12,30.96,29.91,30.94,5187500.0,30.387642309386,5187500.0
2013-08-05,,30.47,31.39,30.47,31.25,7283300.0,30.692108020954,7283300.0
2013-08-06,,31.68,32.5,31.09,31.13,12471200.0,30.574250326153997,12471200.0
2013-08-07,,31.1,31.4,30.65,31.24,5920100.0,30.682286546387,5920100.0
2013-08-08,,31.4,31.83,31.18,31.24,7161900.0,30.682286546387,7161900.0
2013-08-09,,31.14,31.24,30.78,30.91,2784100.0,30.358177885686,2784100.0
2013-08-12,,30.68,30.99,30.04,30.33,5793700.0,29.788532360816998,5793700.0
2013-08-13,,30.5,30.75,30.2,30.45,3116200.0,29.906390055618,3116200.0
2013-08-14,,30.5,30.63,30.08,30.14,3858200.0,29.60192434405,3858200.0
2013-08-15,,29.94,30.16,29.79,30.02,5818900.0,29.484066649249,5818900.0
2013-08-16,,29.94,30.2,29.75,30.0,3678800.0,29.464423700116,3678800.0
2013-08-19,,29.91,30.3,29.84,29.87,2480600.0,29.336744530749,2480600.0
2013-08-20,,29.86,30.41,29.71,30.23,3804100.0,29.690317615149997,3804100.0
2013-08-21,,30.07,30.19,29.6,29.85,3531400.0,29.317101581615,3531400.0
2013-08-22,,29.83,30.01,29.57,29.87,3030800.0,29.336744530749,3030800.0
2013-08-23,,29.88,30.23,29.64,30.2,2531600.0,29.66085319145,2531600.0
2013-08-26,,30.16,30.16,29.65,29.8,7179000.0,29.267994208782,7179000.0
2013-08-27,,29.53,29.67,29.0,29.2,8103500.0,28.678705734780003,8103500.0
2013-08-28,,29.07,29.83,28.81,29.57,7067300.0,29.042100293748003,7067300.0
2013-08-29,,29.43,29.61,29.22,29.47,1590600.0,28.943885548081003,1590600.0
2013-08-30,,29.45,29.5,29.04,29.15,2296300.0,28.629598361946,2296300.0
2013-09-03,,29.46,29.77,29.19,29.43,2052100.0,28.904599649814,2052100.0
2013-09-04,,29.45,29.71,29.35,29.69,3187200.0,29.159957988548,3187200.0
2013-09-05,,29.72,30.49,29.66,30.33,5688100.0,29.788532360816998,5688100.0
2013-09-06,,30.45,30.95,29.97,30.61,5245900.0,30.063533648685002,5245900.0
2013-09-09,,30.64,31.0,30.36,30.59,2723800.0,30.043890699552,2723800.0
2013-09-10,,31.33,31.82,30.86,30.95,5024400.0,30.397463783953,5024400.0
2013-09-11,,31.36,31.46,30.89,31.33,6367900.0,30.770679817488,6367900.0
2013-09-12,,31.36,31.39,30.82,31.08,2881300.0,30.525142953320003,2881300.0
2013-09-13,,31.07,31.3,30.91,31.05,3087300.0,30.495678529619997,3087300.0
2013-09-16,,31.44,32.18,31.39,31.85,7069200.0,31.281396494956002,7069200.0
2013-09-17,,32.01,32.52,31.98,32.38,4616300.0,31.801934646992002,4616300.0
2013-09-18,,32.28,32.73,31.96,32.72,3913200.0,32.13586478226,3913200.0
2013-09-19,,32.8,32.9,32.16,32.51,4128700.0,31.929613816359,4128700.0
2013-09-20,,32.68,32.75,31.87,32.19,11372300.0,31.615326630224,11372300.0
2013-09-23,,32.19,32.19,31.35,31.58,3322100.0,31.016216681655003,3322100.0
2013-09-24,,31.62,31.66,31.21,31.48,2212100.0,30.918001935988002,2212100.0
2013-09-25,,31.48,31.59,31.03,31.06,3165800.0,30.505500004187002,3165800.0
2013-09-26,,31.22,31.64,31.2,31.58,2289100.0,31.016216681655003,2289100.0
2013-09-27,,31.56,31.6,31.05,31.15,2391000.0,30.593893275286998,2391000.0
2013-09-30,,31.1,31.32,30.93,31.12,2890400.0,30.564428851587,2890400.0
2013-10-01,,31.12,32.04,31.01,31.78,3263200.0,31.21264617299,3263200.0
2013-10-02,,31.67,32.13,31.43,32.0,3071500.0,31.428718613456997,3071500.0
2013-10-03,,31.79,31.82,31.34,31.48,2520500.0,30.918001935988002,2520500.0
2013-10-04,,32.29,32.56,31.64,32.05,5795500.0,31.477825986291,5795500.0
2013-10-07,,31.7,32.38,31.59,31.93,4420200.0,31.359968291490002,4420200.0
2013-10-08,,31.86,32.09,31.46,31.53,4152500.0,30.967109308821996,4152500.0
2013-10-09,,31.73,31.73,31.08,31.43,3379900.0,30.868894563155,3379900.0
2013-10-10,,31.78,32.36,31.47,32.36,4397600.0,31.782291697858,4397600.0
2013-10-11,,32.44,32.77,32.03,32.4,6164800.0,31.821577596125003,6164800.0
2013-10-14,,32.03,32.46,31.86,32.29,2527800.0,31.713541375892,2527800.0
2013-10-15,,32.22,32.42,32.0,32.07,2326600.0,31.497468935424,2326600.0
2013-10-16,,32.26,32.97,32.26,32.89,3625900.0,32.302829849893996,3625900.0
2013-10-17,,32.83,33.19,32.77,33.03,2891500.0,32.440330493828,2891500.0
2013-10-18,,33.16,33.3,32.85,33.22,3979400.0,32.626938510595004,3979400.0
2013-10-21,,33.16,33.34,32.62,32.77,2677800.0,32.184972155093,2677800.0
2013-10-22,,32.92,33.0,32.26,32.51,3084600.0,31.929613816359,3084600.0
2013-10-23,,32.48,32.9,32.48,32.6,2817700.0,32.018007087459004,2817700.0
2013-10-24,,32.75,32.89,32.5,32.74,2351500.0,32.155507731393,2351500.0
2013-10-25,,32.8,32.8,32.35,32.47,1480800.0,31.890327918091998,1480800.0
2013-10-28,,32.53,32.53,31.94,31.98,3636400.0,31.409075664324003,3636400.0
2013-10-29,,31.99,32.3,31.92,32.03,2912000.0,31.458183037157006,2912000.0
2013-10-30,,32.17,32.61,31.95,32.06,4398600.0,31.551487045541002,4398600.0
2013-10-31,,32.0,32.28,31.66,31.66,4241700.0,31.157831561504,4241700.0
2013-11-01,,31.77,31.93,31.38,31.84,5890500.0,31.334976529320997,5890500.0
2013-11-04,,31.84,31.99,31.52,31.93,3838900.0,31.423549013229,3838900.0
2013-11-05,,31.9,31.97,31.26,31.69,6642200.0,31.187355722807002,6642200.0
2013-11-06,,32.08,32.18,30.89,31.27,6722800.0,30.774017464568,6722800.0
2013-11-07,,31.38,31.53,30.86,31.04,5204600.0,30.547665561247,5204600.0
2013-11-08,,31.17,31.63,30.96,31.59,4664000.0,31.088941851798,4664000.0
2013-11-11,,31.7,32.0,31.62,31.77,3078700.0,31.266086819614,3078700.0
2013-11-12,,31.75,31.98,31.45,31.84,3204200.0,31.334976529320997,3204200.0
2013-11-13,,31.65,31.81,31.28,31.72,4179800.0,31.216879884109996,4179800.0
2013-11-14,,31.93,32.18,31.48,31.68,2945000.0,31.177514335706,2945000.0
2013-11-15,,31.69,31.87,31.41,31.81,3601700.0,31.305452368018,3601700.0
2013-11-18,,31.84,31.96,31.46,31.62,2927500.0,31.118466013101,2927500.0
2013-11-19,,31.66,31.95,31.2,31.42,2571200.0,30.921638271082,2571200.0
2013-11-20,,31.42,31.82,31.21,31.37,2374400.0,30.872431335578,2374400.0
2013-11-21,,31.49,31.72,31.32,31.58,4425000.0,31.079100464697,4425000.0
2013-11-22,,31.64,31.73,31.25,31.36,3850500.0,30.862589948477,3850500.0
2013-11-25,,31.41,31.42,31.06,31.29,4719800.0,30.793700238770004,4719800.0
2013-11-26,,31.46,31.92,31.39,31.42,4398400.0,30.921638271082,4398400.0
2013-11-27,,31.45,31.55,31.1,31.28,1783200.0,30.783858851669002,1783200.0
2013-11-29,,31.29,31.45,31.08,31.15,1058600.0,30.655920819357,1058600.0
2013-12-02,,31.31,31.6,31.09,31.15,4065200.0,30.655920819357,4065200.0
2013-12-03,,31.13,31.24,30.89,31.09,5514800.0,30.596872496752,5514800.0
2013-12-04,,31.07,31.34,30.96,31.21,3196400.0,30.714969141963,3196400.0
2013-12-05,,31.2,31.71,31.0,31.44,6498000.0,30.941321045284,6498000.0
2013-12-06,,31.62,31.69,31.3,31.54,3263700.0,31.039734916293,3263700.0
2013-12-09,,31.56,31.94,31.39,31.75,3073800.0,31.246404045412003,3073800.0
2013-12-10,,31.62,31.62,31.2,31.36,2941900.0,30.862589948477,2941900.0
2013-12-11,,31.43,31.54,30.76,31.09,4436300.0,30.596872496752,4436300.0
2013-12-12,,30.98,31.41,30.98,31.17,3603500.0,30.675603593558996,3603500.0
2013-12-13,,31.31,31.89,31.23,31.58,3286500.0,31.079100464697,3286500.0
2013-12-16,,31.67,32.0,31.55,32.0,2635600.0,31.492438722935,2635600.0
2013-12-17,,31.91,31.97,31.32,31.64,2629700.0,31.138148787301997,2629700.0
2013-12-18,,31.61,32.2,31.3,32.17,3684400.0,31.659742303651,3684400.0
2013-12-19,,32.14,32.37,31.66,32.31,3447300.0,31.797521723063998,3447300.0
2013-12-20,,32.33,32.69,32.26,32.38,3681000.0,31.86641143277,3681000.0
2013-12-23,,32.61,32.64,32.16,32.37,2219800.0,31.856570045669,2219800.0
2013-12-24,,32.3,32.48,32.07,32.37,624300.0,31.856570045669,624300.0
2013-12-26,,32.5,32.78,32.4,32.59,1504700.0,32.073080561889,1504700.0
2013-12-27,,32.69,32.77,32.47,32.67,1322400.0,32.151811658697,1322400.0
2013-12-30,,32.74,32.84,32.54,32.67,1803600.0,32.151811658697,1803600.0
2013-12-31,,32.8,32.81,32.46,32.69,2270400.0,32.171494432898996,2270400.0
2014-01-02,,32.53,32.66,32.11,32.36,2576100.0,31.846728658568,2576100.0
2014-01-03,,32.34,32.5,32.02,32.05,2524900.0,31.541645658440004,2524900.0
2014-01-06,,32.3,32.73,31.85,31.98,2763200.0,31.472755948734,2763200.0
2014-01-07,,32.19,32.45,31.95,32.1,2338200.0,31.590852593944998,2338200.0
2014-01-08,,31.71,32.09,31.51,31.74,3965900.0,31.236562658312,3965900.0
2014-01-09,,31.83,31.97,31.53,31.96,2303300.0,31.453073174531998,2303300.0
2014-01-10,,31.9,32.56,31.86,32.54,2999900.0,32.023873626385004,2999900.0
2014-01-13,,32.39,32.42,31.69,31.78,4042800.0,31.275928206715,4042800.0
2014-01-14,,31.94,31.99,31.65,31.85,2334500.0,31.344817916422,2334500.0
2014-01-15,,31.89,31.96,31.68,31.81,2916300.0,31.305452368018,2916300.0
2014-01-16,,31.85,32.08,31.71,32.0,1960400.0,31.492438722935,1960400.0
2014-01-17,,31.91,32.09,31.63,31.73,2502500.0,31.226721271210998,2502500.0
2014-01-21,,31.98,32.09,31.26,31.27,5681900.0,30.774017464568,5681900.0
2014-01-22,,31.42,31.67,31.26,31.46,5693600.0,30.961003819486,5693600.0
2014-01-23,,31.46,31.83,31.4,31.74,3263800.0,31.236562658312,3263800.0
2014-01-24,,31.51,31.67,31.3,31.46,4520900.0,30.961003819486,4520900.0
2014-01-27,,31.53,31.62,31.26,31.36,6934000.0,30.862589948477,6934000.0
2014-01-28,,31.32,31.62,31.19,31.44,4203400.0,31.012179032410998,4203400.0
2014-01-29,,31.27,31.45,30.72,30.78,3152000.0,30.361160006921,3152000.0
2014-01-30,,31.07,31.33,30.59,30.67,4700400.0,30.252656836005997,4700400.0
2014-01-31,,30.39,30.54,30.07,30.36,5302200.0,29.946875172519,5302200.0
2014-02-03,,30.4,30.55,30.14,30.37,6569400.0,29.956739097147,6569400.0
2014-02-04,,30.56,30.75,30.14,30.23,3657300.0,29.818644152346,3657300.0
2014-02-05,,30.1,30.43,29.95,30.13,3758700.0,29.720004906059998,3758700.0
2014-02-06,,30.09,30.24,30.0,30.05,3327100.0,29.641093509031,3327100.0
2014-02-07,,30.11,30.8,30.11,30.7,4130100.0,30.282248609892,4130100.0
2014-02-10,,30.78,31.53,30.78,31.14,6339700.0,30.716261293551998,6339700.0
2014-02-11,,29.63,29.75,28.77,29.13,29137200.0,28.733612443196996,29137200.0
2014-02-12,,29.2,30.13,29.13,30.0,14394200.0,29.591773885888,14394200.0
2014-02-13,,29.93,30.17,29.56,29.67,7891600.0,29.266264373143002,7891600.0
2014-02-14,,29.62,30.0,29.55,29.88,5571100.0,29.473406790344,5571100.0
2014-02-18,,29.91,30.59,29.88,30.27,6087800.0,29.858099850861002,6087800.0
2014-02-19,,30.04,30.16,29.63,29.75,6169900.0,29.345175770172,6169900.0
2014-02-20,,29.74,30.17,29.64,29.97,4699300.0,29.562182112002002,4699300.0
2014-02-21,,29.99,30.03,29.53,29.61,3235700.0,29.207080825370998,3235700.0
2014-02-24,,29.78,30.07,29.62,29.7,3105500.0,29.295856147029,3105500.0
2014-02-25,,29.56,30.38,29.55,30.13,4412600.0,29.720004906059998,4412600.0
2014-02-26,,30.04,30.45,30.0,30.4,3647400.0,29.986330871033,3647400.0
2014-02-27,,30.4,30.74,30.35,30.72,3778000.0,30.301976459149,3778000.0
2014-02-28,,30.75,31.02,30.63,31.02,5186800.0,30.597894198008,5186800.0
2014-03-03,,30.88,31.18,30.79,30.99,3534700.0,30.568302424122,3534700.0
2014-03-04,,31.23,31.3,30.8,30.89,5501800.0,30.469663177835997,5501800.0
2014-03-05,,31.0,31.14,30.59,30.72,4399200.0,30.301976459149,4399200.0
2014-03-06,,30.82,31.05,30.67,30.78,3617500.0,30.361160006921,3617500.0
2014-03-07,,30.88,30.99,30.47,30.58,4421500.0,30.163881514348002,4421500.0
2014-03-10,,30.62,30.64,30.2,30.35,3902900.0,29.937011247890002,3902900.0
2014-03-11,,30.47,30.63,30.08,30.28,2641400.0,29.867963775490004,2641400.0
2014-03-12,,30.07,30.24,29.65,29.7,4363300.0,29.295856147029,4363300.0
2014-03-13,,29.72,29.78,29.06,29.25,4090900.0,28.851979538741002,4090900.0
2014-03-14,,29.25,29.82,29.23,29.42,4021900.0,29.019666257427,4021900.0
2014-03-17,,29.48,29.61,29.32,29.38,3837100.0,28.980210558913,3837100.0
2014-03-18,,29.42,29.48,29.25,29.28,5453400.0,28.881571312627,5453400.0
2014-03-19,,29.31,30.11,29.27,29.91,5692400.0,29.502998564229998,5692400.0
2014-03-20,,29.81,30.11,29.67,30.09,3672400.0,29.680549207546,3672400.0
2014-03-21,,30.37,30.43,29.19,29.26,9668600.0,28.861843463369002,9668600.0
2014-03-24,,29.32,29.38,28.97,29.14,4632800.0,28.743476367826,4632800.0
2014-03-25,,29.27,29.38,29.11,29.26,3182000.0,28.861843463369002,3182000.0
2014-03-26,,29.41,29.45,29.16,29.21,3914800.0,28.812523840226003,3914800.0
2014-03-27,,29.21,29.4,29.08,29.3,2984200.0,28.901299161883998,2984200.0
2014-03-28,,29.46,29.51,28.91,29.01,6398900.0,28.615245347654,6398900.0
2014-03-31,,29.07,29.14,28.66,28.94,8689200.0,28.546197875253,8689200.0
2014-04-01,,28.97,29.39,28.97,29.35,3658000.0,28.950618785027,3658000.0
2014-04-02,,29.28,29.7,29.14,29.62,2341200.0,29.21694475,2341200.0
2014-04-03,,29.71,29.71,29.39,29.62,2896500.0,29.21694475,2896500.0
2014-04-04,,29.64,30.01,29.21,29.32,4963400.0,28.921027011141,4963400.0
2014-04-07,,29.25,29.32,28.85,29.0,4073700.0,28.605381423024998,4073700.0
2014-04-08,,28.9,29.22,28.68,29.15,4744600.0,28.753340292454,4744600.0
2014-04-09,,29.22,29.22,28.77,29.06,3631300.0,28.664564970797,3631300.0
2014-04-10,,29.06,29.22,28.8,28.86,5372582.0,28.467286478224,5372582.0
2014-04-11,,28.83,28.87,28.28,28.4,3185009.0,28.013545945307,3185009.0
2014-04-14,,28.52,28.78,28.26,28.48,2556998.0,28.092457342336,2556998.0
2014-04-15,,28.55,28.57,28.135,28.55,3227615.0,28.161504814737,3227615.0
2014-04-16,,28.52,28.7,28.4,28.53,4219597.0,28.141776965479004,4219597.0
2014-04-17,,28.51,28.71,28.46,28.6,3424637.0,28.21082443788,3424637.0
2014-04-21,,28.77,29.06,28.53,29.03,4437155.0,28.634973196911,4437155.0
2014-04-22,,29.55,30.015,29.185,29.89,8342076.0,29.483270714973006,8342076.0
2014-04-23,,29.75,29.89,29.3,29.39,3803190.0,28.990074483542,3803190.0
2014-04-24,,29.3,30.02,29.25,29.89,4410148.0,29.554290972299,4410148.0
2014-04-25,,29.79,30.29,29.62,30.16,4851988.0,29.821258471882,4851988.0
2014-04-28,,30.52,30.67,30.04,30.4,3698187.0,30.058562915955,3698187.0
2014-04-29,,30.39,30.53,30.2,30.53,2531379.0,30.187102823161002,2531379.0
2014-04-30,,30.35,30.46,29.96,30.26,4113440.0,29.920135323579,4113440.0
2014-05-02,,30.38,30.75,30.3,30.64,3040397.0,30.295867360028,3040397.0
2014-05-05,,30.42,30.63,30.11,30.53,4422722.0,30.187102823161002,4422722.0
2014-05-06,,29.85,31.39,29.56,30.89,6501646.0,30.543059489271002,6501646.0
2014-05-07,,30.74,30.74,30.0,30.65,6801568.0,30.305755045198,6801568.0
2014-05-08,,30.55,30.81,30.405,30.48,2687249.0,30.137664397313,2687249.0
2014-05-09,,30.49,30.57,30.05,30.54,3339289.0,30.196990508330998,3339289.0
2014-05-12,,30.56,30.86,30.55,30.81,1968269.0,30.463958007913998,1968269.0
2014-05-13,,30.81,30.86,30.6,30.73,1932025.0,30.384856526556,1932025.0
2014-05-14,,30.59,30.81,30.48,30.64,2251643.0,30.295867360028,2251643.0
2014-05-15,,30.54,30.64,30.35,30.46,3102091.0,30.117889026973,3102091.0
2014-05-16,,30.39,30.61,30.315,30.6,3058078.0,30.256316619348997,3058078.0
2014-05-19,,30.5,30.63,30.28,30.46,3670499.0,30.117889026973,3670499.0
2014-05-20,,30.55,30.585,30.27,30.28,2536100.0,29.939910693917998,2536100.0
2014-05-21,,30.25,30.5,30.24,30.42,2418147.0,30.078338286294,2418147.0
2014-05-22,,30.29,30.55,30.2605,30.33,4521077.0,29.989349119767,4521077.0
2014-05-23,,30.36,30.58,30.3,30.53,4085353.0,30.187102823161002,4085353.0
2014-05-27,,30.66,30.77,30.54,30.7,2395611.0,30.355193471047002,2395611.0
2014-05-28,,30.72,30.73,30.43,30.48,5790703.0,30.137664397313,5790703.0
2014-05-29,,30.5,30.77,30.5,30.72,2608031.0,30.374968841386,2608031.0
2014-05-30,,30.87,30.93,30.67,30.7,3075239.0,30.355193471047002,3075239.0
2014-06-02,,30.87,30.96,30.65,30.92,3558485.0,30.572722544780998,3558485.0
2014-06-03,,30.87,31.26,30.79,31.25,3321967.0,30.899016155381,3321967.0
2014-06-04,,31.22,31.45,31.13,31.37,3348779.0,31.017668377417998,3348779.0
2014-06-05,,31.29,31.645,31.22,31.61,2781855.0,31.254972821491,2781855.0
2014-06-06,,31.65,31.8,31.61,31.74,2524096.0,31.383512728698,2524096.0
2014-06-09,,31.74,32.01,31.65,32.01,3188764.0,31.65048022828,3188764.0
2014-06-10,,31.97,32.51,31.91,32.5,4639740.0,32.134976801597,4639740.0
2014-06-11,,32.46,32.529,32.095,32.13,3599563.0,31.769132450317002,3599563.0
2014-06-12,,32.05,32.13,31.82,31.99,4295364.0,31.630704857940998,4295364.0
2014-06-13,,31.95,32.14,31.83,32.12,1904172.0,31.759244765147,1904172.0
2014-06-16,,32.0,32.21,31.99,32.13,2195298.0,31.769132450317002,2195298.0
2014-06-17,,32.08,32.85,32.06,32.81,4404836.0,32.441495041858,4404836.0
2014-06-18,,32.92,32.89,32.46,32.89,2480105.0,32.520596523216,2480105.0
2014-06-19,,32.95,33.05,32.53,32.55,4061687.0,32.184415227445,4061687.0
2014-06-20,,32.4,32.58,32.05,32.46,7780453.0,32.095426060918,7780453.0
2014-06-23,,32.54,32.732,32.43,32.64,2513649.0,32.273404393972996,2513649.0
2014-06-24,,32.6,32.7,32.35,32.37,1772489.0,32.00643689439,1772489.0
2014-06-25,,32.49,32.57,32.29,32.37,2751323.0,32.00643689439,2751323.0
2014-06-26,,32.35,32.43,32.08,32.24,2239764.0,31.877896987184,2239764.0
2014-06-27,,32.26,32.41,32.16,32.38,1435038.0,32.01632457956,1435038.0
2014-06-30,,32.46,32.73,32.12,32.27,1847306.0,31.907560042693,1847306.0
2014-07-01,,32.44,32.61,32.3101,32.51,2263385.0,32.144864486766,2263385.0
2014-07-02,,32.54,32.76,32.5,32.74,1850591.0,32.37228124567,1850591.0
2014-07-03,,32.7,32.92,32.65,32.91,1369989.0,32.540371893555005,1369989.0
2014-07-07,,32.84,32.89,32.56,32.56,2087359.0,32.194302912615,2087359.0
2014-07-08,,32.38,32.51,32.17,32.48,1846182.0,32.115201431257,1846182.0
2014-07-09,,32.51,32.64,32.29,32.46,1339310.0,32.095426060918,1339310.0
2014-07-10,,32.25,32.69,32.02,32.52,2001300.0,32.154752171936,2001300.0
2014-07-11,,32.51,32.56,32.3,32.37,1422893.0,32.00643689439,1422893.0
2014-07-14,,32.59,32.85,32.4,32.73,1899788.0,32.3623935605,1899788.0
2014-07-15,,32.66,32.71,32.261,32.39,2495974.0,32.02621226473,2495974.0
2014-07-16,,32.46,32.7,32.35,32.63,1767697.0,32.263516708803,1767697.0
2014-07-17,,32.41,32.51,32.145,32.21,2153186.0,31.848233931675,2153186.0
2014-07-18,,32.16,32.74,32.07,32.69,3257467.0,32.322842819821,3257467.0
2014-07-21,,32.64,32.88,32.6,32.85,2513226.0,32.481045782536995,2513226.0
2014-07-22,,32.96,33.23,32.83,32.87,2590558.0,32.500821152876,2590558.0
2014-07-23,,32.92,32.94,32.78,32.84,2078394.0,32.471158097367,2078394.0
2014-07-24,,32.92,32.97,32.761,32.89,2007627.0,32.520596523216,2007627.0
2014-07-25,,32.83,32.9,32.68,32.82,1577820.0,32.451382727028,1577820.0
2014-07-28,,32.8,32.97,32.67,32.86,1618527.0,32.490933467707,1618527.0
2014-07-29,,32.75,33.22,32.7,33.03,2993980.0,32.659024115592,2993980.0
2014-07-30,,33.07,33.25,32.915,33.14,1797538.0,32.767788652459004,1797538.0
2014-07-31,,32.93,33.13,32.87,32.91,2995562.0,32.540371893555005,2995562.0
2014-08-01,,32.76,33.04,32.59,32.74,5372570.0,32.37228124567,5372570.0
2014-08-04,,32.6,33.35,32.58,33.24,4657590.0,32.866665504155996,4657590.0
2014-08-05,,32.68,32.88,31.98,32.21,5929166.0,31.848233931675,5929166.0
2014-08-06,,32.1,32.37,32.01,32.3,3160506.0,31.937223098202,3160506.0
2014-08-07,,32.33,32.48,31.67,31.79,3746106.0,31.432951154546,3746106.0
2014-08-08,,31.87,32.34,31.8,32.32,2190159.0,31.956998468542,2190159.0
2014-08-11,,32.43,32.645,32.38,32.6,2281706.0,32.233853653294,2281706.0
2014-08-12,,32.41,32.69,32.35,32.45,2837930.0,32.085538375748,2837930.0
2014-08-13,,32.69,33.04,32.69,32.87,3729172.0,32.500821152876,3729172.0
2014-08-14,,32.93,33.1,32.87,33.07,2562480.0,32.698574856271,2562480.0
2014-08-15,,33.13,33.695,33.13,33.69,3842973.0,33.311611336794,3842973.0
2014-08-18,,33.75,34.01,33.7,33.93,3459487.0,33.548915780867,3459487.0
2014-08-19,,33.95,34.57,33.89,34.52,2922483.0,34.13228920588,2922483.0
2014-08-20,,34.54,34.85,34.45,34.79,2720409.0,34.399256705462996,2720409.0
2014-08-21,,34.81,34.98,34.69,34.89,2041808.0,34.49813355716,2041808.0
2014-08-22,,34.86,34.94,34.73,34.89,2299720.0,34.49813355716,2299720.0
2014-08-25,,34.99,35.03,34.81,34.9,2416791.0,34.508021242329995,2416791.0
2014-08-26,,34.98,35.21,34.84,35.13,2939519.0,34.735438001234,2939519.0
2014-08-27,,35.13,35.48,35.072,35.34,2746146.0,34.943079389798,2746146.0
2014-08-28,,35.19,35.38,35.07,35.33,3757857.0,34.933191704628,3757857.0
2014-08-29,,35.35,35.44,35.005,35.44,1187719.0,35.041956241495,1187719.0
2014-09-02,,35.48,35.59,35.32,35.48,1653590.0,35.081506982174,1653590.0
2014-09-03,,36.63,36.65,35.53,35.76,4217063.0,35.358362166926,4217063.0
2014-09-04,,35.85,35.886,35.39,35.51,2382017.0,35.111170037683,2382017.0
2014-09-05,,35.57,36.05,35.45,36.03,1437539.0,35.625329666508996,1437539.0
2014-09-08,,36.01,36.31,35.95,36.28,1911084.0,35.872521795752,1911084.0
2014-09-09,,36.26,36.3,36.01,36.18,2828776.0,35.773644944054,2828776.0
2014-09-10,,36.01,36.34,35.88,36.24,2279600.0,35.832971055072996,2279600.0
2014-09-11,,36.14,36.29,36.09,36.27,1768315.0,35.862634110582,1768315.0
2014-09-12,,36.15,36.24,36.09,36.18,1916855.0,35.773644944054,1916855.0
2014-09-15,,36.21,36.32,36.13,36.27,2163727.0,35.862634110582,2163727.0
2014-09-16,,36.27,36.55,36.2,36.49,2251753.0,36.080163184316,2251753.0
2014-09-17,,36.54,36.68,36.34,36.65,2518373.0,36.238366147031,2518373.0
2014-09-18,,36.75,37.08,36.625,36.7,2336026.0,36.28780457288,2336026.0
2014-09-19,,36.93,37.31,36.84,37.2,6085829.0,36.782188831366,6085829.0
2014-09-22,,37.24,37.3,36.5,36.62,4950918.0,36.208703091522004,4950918.0
2014-09-23,,36.34,36.49,35.85,35.88,4416310.0,35.477014388963,4416310.0
2014-09-24,,36.04,36.63,35.95,36.58,4712234.0,36.169152350843,4712234.0
2014-09-25,,36.57,36.59,36.12,36.3,2053653.0,35.892297166091,2053653.0
2014-09-26,,36.39,36.75,36.19,36.63,2123913.0,36.218590776692,2123913.0
2014-09-29,,36.25,36.805,36.17,36.79,2072651.0,36.376793739407,2072651.0
2014-09-30,,37.05,37.11,36.77,36.95,3404344.0,36.534996702122996,3404344.0
2014-10-01,,36.85,37.01,36.23,36.45,5487372.0,36.040612443637,5487372.0
2014-10-02,,36.56,36.97,36.46,36.91,3667182.0,36.495445961444,3667182.0
2014-10-03,,36.87,37.725,36.87,37.67,5945095.0,37.246910034343,5945095.0
2014-10-06,,37.79,37.97,37.601,37.66,2693368.0,37.237022349173,2693368.0
2014-10-07,,37.41,37.56,36.62,36.71,8116599.0,36.29769225805,8116599.0
2014-10-08,,36.82,37.57,36.63,37.55,3556382.0,37.128257812305996,3556382.0
2014-10-09,,37.5,37.63,36.9,37.02,4309403.0,36.604210498311,4309403.0
2014-10-10,,36.98,37.3,36.64,36.68,3689198.0,36.26802920254,3689198.0
2014-10-13,,36.61,36.67,35.53,35.57,6646222.0,35.170496148701,6646222.0
2014-10-14,,35.75,36.16,35.46,35.87,3063853.0,35.467126703793,3063853.0
2014-10-15,,35.33,35.39,34.1612,35.26,7110953.0,34.86397790844001,7110953.0
2014-10-16,,34.74,35.52,34.18,35.07,4151726.0,34.676111890215005,4151726.0
2014-10-17,,35.385,35.6,34.95,35.37,3420158.0,34.972742445307,3420158.0
2014-10-20,,35.355,35.69,35.31,35.41,2538784.0,35.012293185985996,2538784.0
2014-10-21,,35.57,36.18,35.54,36.09,4772831.0,35.684655777527,4772831.0
2014-10-22,,36.06,36.34,35.88,35.89,2263456.0,35.486902074132,2263456.0
2014-10-23,,35.8,36.45,35.47,36.11,2916642.0,35.704431147866,2916642.0
2014-10-24,,36.14,36.6,36.1,36.58,1412419.0,36.169152350843,1412419.0
2014-10-27,,36.59,36.78,36.49,36.57,2509708.0,36.159264665674,2509708.0
2014-10-28,,36.72,37.02,36.51,37.01,1529097.0,36.594322813141,1529097.0
2014-10-29,,36.895,36.94,36.31,36.62,2262284.0,36.208703091522004,2262284.0
2014-10-30,,36.51,37.4,36.55,37.32,2121587.0,36.900841053403,2121587.0
2014-10-31,,37.75,37.91,37.05,37.16,2585065.0,36.742638090686995,2585065.0
2014-11-03,,37.14,37.82,37.024,37.72,4058423.0,37.367539793414004,4058423.0
2014-11-04,,38.01,39.12,38.01,39.12,9708367.0,38.754458025407,9708367.0
2014-11-06,,39.3,39.72,39.27,39.71,4456065.0,39.338944994604,4456065.0
2014-11-07,,39.67,40.3,39.62,40.23,6803799.0,39.854086052201,6803799.0
2014-11-10,,40.3,40.34,40.03,40.16,7530110.0,39.784740140601,7530110.0
2014-11-11,,40.16,44.13,39.92,43.72,20228500.0,43.311475073383995,20228500.0
2014-11-12,,43.9,43.96,42.565,42.64,21414160.0,42.241566722989,21414160.0
2014-11-13,,42.66,43.29,42.61,43.24,6151188.0,42.835960250986,6151188.0
2014-11-14,,43.19,43.45,42.86,43.14,2689390.0,42.736894662987,2689390.0
2014-11-17,,43.86,44.43,42.98,44.23,9536474.0,43.816709572181,9536474.0
2014-11-18,,44.89,44.94,43.03,44.19,12180235.0,43.777083336982,12180235.0
2014-11-19,,44.32,44.38,43.21,43.4,7029416.0,42.99446519178501,7029416.0
2014-11-20,,42.95,43.25100000000001,42.71,43.15,5091131.0,42.746801221787,5091131.0
2014-11-21,,43.48,43.87,42.85,43.87,5185343.0,43.460073455383,5185343.0
2014-11-24,,44.09,44.93,43.8282,44.58,4177657.0,44.163439130179995,4177657.0
2014-11-25,,44.49,44.72,43.87,43.91,3589015.0,43.499699690583,3589015.0
2014-11-26,,44.26,44.7,43.87,44.67,2126151.0,44.252598159379,2126151.0
2014-11-28,,44.77,45.09,44.75,44.93,1332156.0,44.510168688178,1332156.0
2014-12-01,,45.04,45.24,44.26,44.37,3152520.0,43.955401395381,3152520.0
2014-12-02,,44.47,44.95,44.28,44.74,2500549.0,44.321944070979,2500549.0
2014-12-04,,44.77,44.9,43.85,44.0,4292250.0,43.588858719782,4292250.0
2014-12-05,,44.01,44.46,43.83,43.98,3304696.0,43.569045602182996,3304696.0
2014-12-09,,43.11,44.49,42.74,43.82,5513797.0,43.410540661383,5513797.0
2014-12-10,,44.08,44.2,42.7,42.77,4382640.0,42.370351987389,4382640.0
2014-12-15,,42.23,42.49,41.34,41.74,5927375.0,41.349976430994,5927375.0
2014-12-16,,41.67,42.01,40.83,40.85,4606356.0,40.468292697798,4606356.0
2014-12-17,,41.1,41.43,40.83,41.13,7627356.0,40.745676344197,7627356.0
2014-12-18,,41.84,43.15,41.79,43.15,6564112.0,42.746801221787,6564112.0
2014-12-19,,43.03,43.73,42.63,43.51,5587729.0,43.103437338584996,5587729.0
2014-12-22,,43.66,43.78,42.951,43.41,1912589.0,43.004371750585,1912589.0
2014-12-23,,43.61,43.73,42.76,42.97,2612192.0,42.568483163388,2612192.0
2014-12-24,,43.06,43.989,43.0,43.84,1300640.0,43.43035377898301,1300640.0
2014-12-26,,43.98,44.285,43.8,44.2,1508956.0,43.78698989578201,1508956.0
2014-12-30,,43.98,44.1,43.09,43.35,2250747.0,42.944932397786005,2250747.0
2015-01-02,,43.47,43.7,43.065,43.31,1782457.0,42.905306162586,1782457.0
2015-01-05,,43.245,43.63,42.97,43.05,3110093.0,42.647735633787,3110093.0
2015-01-06,,43.16,43.36,42.295,42.63,3971117.0,42.231660164189,3971117.0
2015-01-08,,44.75,44.87,44.0,44.18,3114479.0,43.767176778182,3114479.0
2015-01-12,,44.185,44.34,43.285,43.42,2158026.0,43.014278309385006,2158026.0
2015-01-13,,43.89,44.22,42.57,42.81,3653746.0,42.409978222588,3653746.0
2015-01-14,,42.47,43.23,42.29,43.03,2465043.0,42.627922516187,2465043.0
2015-01-15,,43.25,43.77,42.9,42.94,2711585.0,42.538763486988,2711585.0
2015-01-20,,44.18,44.2,43.22,43.56,3452029.0,43.235194570623996,3452029.0
2015-01-21,,43.57,44.63,43.44,44.25,1985059.0,43.920049581040004,1985059.0
2015-01-22,,44.35,44.82,43.65,44.51,2914674.0,44.17811088931301,2914674.0
2015-01-23,,44.52,44.8,43.97,44.12,2885511.0,43.791018926904,2885511.0
2015-01-26,,44.04,44.31,43.85,44.09,1926811.0,43.761242622103005,1926811.0
2015-01-28,,43.75,44.29,43.07,43.11,2411481.0,42.788549998614,2411481.0
2015-01-29,,43.3,43.675,42.56,43.32,4917273.0,42.996984132219,4917273.0
2015-01-30,,43.25,43.56,42.64,42.73,3144131.0,42.411383471138,3144131.0
2015-02-02,,43.08,43.38,42.37,43.38,2132031.0,43.056536741820004,2132031.0
2015-02-03,,43.61,43.81,43.2,43.5,4905089.0,43.175641961023,4905089.0
2015-02-04,,43.94,44.04,43.22,43.46,5090542.0,43.135940221289,5090542.0
2015-02-09,,43.55,43.66,42.66,42.87,4463019.0,42.550339560208,4463019.0
2015-02-10,,43.13,44.01,42.81,43.91,4110157.0,43.582584793299,4110157.0
2015-02-11,,44.88,46.12,44.88,45.77,7058028.0,45.428715690943,7058028.0
2015-02-12,,47.12,47.4,45.26,45.79,6989417.0,45.44856656081,6989417.0
2015-02-13,,44.89,45.504,44.36,45.46,6410787.0,45.121027208002005,6410787.0
2015-02-17,,45.5,46.235,45.45,46.2,4046127.0,45.855509393086,4046127.0
2015-02-18,,46.02,46.43,45.82,45.85,3221250.0,45.50811917041099,3221250.0
2015-02-19,,45.95,46.0,45.49,45.65,2922517.0,45.30961047174,2922517.0
2015-02-20,,45.56,45.8922,45.11,45.6,2979706.0,45.259983297072,2979706.0
2015-02-23,,45.7,45.93,45.21,45.58,2658455.0,45.240132427205,2658455.0
2015-02-24,,45.65,45.79,45.28,45.4,1869770.0,45.06147459840101,1869770.0
2015-02-25,,45.55,45.97,45.3901,45.72,2958773.0,45.379088516275,2958773.0
2015-02-26,,45.83,46.695,45.8,46.62,4902993.0,46.272377660296,4902993.0
2015-02-27,,46.54,46.88,46.04,46.09,5555462.0,45.74632960881699,5555462.0
2015-03-02,,46.55,47.61,46.55,47.31,5261715.0,46.957232670712,5261715.0
2015-03-03,,47.28,47.34,46.3401,46.54,2256026.0,46.192974180827996,2256026.0
2015-03-04,,46.4,46.49,45.86,46.23,3293014.0,45.885285697887,3293014.0
2015-03-05,,46.69,46.83,45.99,46.46,2327567.0,46.113570701358995,2327567.0
2015-03-06,,46.3,46.53,45.67,45.78,3486498.0,45.438641125875996,3486498.0
2015-03-09,,45.87,46.96,45.48,46.29,3758563.0,45.94483830748801,3758563.0
2015-03-10,,46.13,46.28,45.68,45.7,2189462.0,45.359237646408005,2189462.0
2015-03-11,,45.88,46.58,45.73,46.01,3245036.0,45.666926129349,3245036.0
2015-03-12,,46.31,46.87,46.14,46.84,2269153.0,46.490737228835,2269153.0
2015-03-13,,46.86,46.86,46.02,46.45,2476934.0,46.103645266426,2476934.0
2015-03-16,,46.71,47.03,46.55,46.98,2492140.0,46.629693317904994,2492140.0
2015-03-17,,46.62,47.34,46.41,47.15,2904605.0,46.798425711774996,2904605.0
2015-03-18,,46.98,47.7601,46.67,47.51,3020096.0,47.155741369384,3020096.0
2015-03-19,,47.46,47.74,47.1,47.41,1996866.0,47.056487020047996,1996866.0
2015-03-20,,47.49,47.92,47.1,47.34,4465806.0,46.987008975513,4465806.0
2015-03-23,,47.55,47.7,47.04,47.15,4818193.0,46.798425711774996,4818193.0
2015-03-24,,47.24,47.605,46.76,47.02,1930188.0,46.669395057639,1930188.0
2015-03-25,,47.17,47.38,46.22,46.27,4001628.0,45.924987437621,4001628.0
2015-03-26,,46.02,46.39,45.69,46.11,3550763.0,45.766180478684,3550763.0
2015-03-27,,46.14,46.53,46.0,46.22,2790523.0,45.875360262952995,2790523.0
2015-03-30,,46.47,46.96,46.4199,46.92,2204375.0,46.570140708303,2204375.0
2015-03-31,,46.76,46.9301,46.29,46.29,2764566.0,45.94483830748801,2764566.0
2015-04-01,,46.3,46.56,45.96,46.27,4565807.0,45.924987437621,4565807.0
2015-04-02,,46.45,46.66,46.2,46.5,3081214.0,46.153272441092994,3081214.0
2015-04-06,,46.15,46.67,46.01,46.33,2383392.0,45.98454004722299,2383392.0
2015-04-07,,46.4,46.86,46.33,46.36,2364227.0,46.096697461972,2364227.0
2015-04-08,,46.37,46.61,46.12,46.21,2565375.0,45.947549389942,2565375.0
2015-04-09,,46.3,46.74,46.16,46.55,2720773.0,46.28561835321,2720773.0
2015-04-10,,46.6,47.29,46.3,47.17,2278282.0,46.902097050932,2278282.0
2015-04-13,,47.25,47.435,46.64,46.66,1983657.0,46.394993606031,1983657.0
2015-04-14,,46.66,46.99,46.02,46.9,2669942.0,46.633630521279,2669942.0
2015-04-15,,47.05,47.22,46.91,47.0,1551328.0,46.733062569299,1551328.0
2015-04-16,,46.8,47.17,46.635,47.14,1582750.0,46.872267436526,1582750.0
2015-04-17,,46.9,47.03,46.46,46.77,2879732.0,46.504368858853,2879732.0
2015-04-20,,46.89,47.13,46.71,47.04,2811402.0,46.772835388507005,2811402.0
2015-04-21,,47.28,47.57899999999999,47.1,47.54,3054863.0,47.269995628606004,3054863.0
2015-04-22,,47.45,47.52,46.925,47.03,2041141.0,46.762892183705,2041141.0
2015-04-23,,46.94,47.1,46.57,47.05,2100119.0,46.78277859330901,2100119.0
2015-04-24,,46.89,47.99,46.73,47.91,3374301.0,47.637894206279,3374301.0
2015-04-27,,47.98,47.99,46.735,46.83,2278750.0,46.56402808766501,2278750.0
2015-04-28,,46.72,46.82,45.64,45.73,4429999.0,45.470275559447,4429999.0
2015-04-29,,45.5,45.94,45.1,45.22,3840171.0,44.96317211454701,3840171.0
2015-04-30,,45.08,45.45,44.31,44.42,4209628.0,44.167715730388004,4209628.0
2015-05-01,,44.73,44.91,44.39,44.61,5815059.0,44.356636621625995,5815059.0
2015-05-04,,44.75,45.56,44.71,45.4,4782567.0,45.142149800982,4782567.0
2015-05-05,,47.13,47.44,45.125,45.68,7681079.0,45.420559535438,7681079.0
2015-05-06,,45.93,45.94,45.19,45.29,4441355.0,45.03277454816,4441355.0
2015-05-07,,45.33,45.75,45.03,45.56,2426957.0,45.301241077814,2426957.0
2015-05-08,,45.99,46.09,45.57,45.9,2548154.0,45.639310041080996,2548154.0
2015-05-11,,45.91,46.345,45.67,46.09,3405113.0,45.828230932319,3405113.0
2015-05-12,,45.72,45.86,45.34,45.58,2230384.0,45.321127487418,2230384.0
2015-05-13,,45.62,46.0,45.42,45.62,2159795.0,45.36090030662599,2159795.0
2015-05-14,,45.87,46.32,45.48,46.28,1959621.0,46.017151823556006,1959621.0
2015-05-15,,46.52,46.9079,46.43,46.49,2818940.0,46.225959124398,2818940.0
2015-05-18,,46.45,46.77,46.32,46.73,2775863.0,46.464596039645,2775863.0
2015-05-19,,46.88,47.69,46.74,47.45,3768182.0,47.18050678538801,3768182.0
2015-05-20,,47.47,47.81,46.99,47.28,2188852.0,47.011472303754,2188852.0
2015-05-21,,47.33,47.89,47.05,47.8,3551978.0,47.528518953457,3551978.0
2015-05-22,,47.71,47.84,47.5,47.63,1732631.0,47.359484471822995,1732631.0
2015-05-26,,47.52,48.05,47.51,47.95,3971392.0,47.677667025487004,3971392.0
2015-05-27,,47.98,49.48,47.67,49.45,5306004.0,49.16914774578301,5306004.0
2015-05-28,,49.29,49.55,48.4,49.11,4901255.0,48.831078782516,4901255.0
2015-05-29,,49.44,49.96,49.13,49.77,5002743.0,49.487330299447,5002743.0
2015-06-01,,49.92,50.365,49.37300000000001,49.78,4488286.0,49.497273504249,4488286.0
2015-06-02,,49.72,49.97,48.9,49.58,2668282.0,49.298409408209,2668282.0
2015-06-03,,49.88,49.9,49.34,49.55,1967741.0,49.268579793803,1967741.0
2015-06-04,,49.05,49.59,48.85,48.9,2022849.0,48.62227148167499,2022849.0
2015-06-05,,48.7,49.17,48.41,49.01,2402216.0,48.731646734496,2402216.0
2015-06-08,,48.75,49.22,48.74,48.8,1892038.0,48.522839433655,1892038.0
2015-06-09,,48.67,49.37,48.52,49.24,2675509.0,48.960340444942,2675509.0
2015-06-10,,49.41,49.9,49.0,49.69,2012119.0,49.407784661030995,2012119.0
2015-06-11,,49.8,50.04,49.6,49.87,2055692.0,49.586762347466,2055692.0
2015-06-12,,49.63,49.86,49.01,49.08,2033278.0,48.80124916811,2033278.0
2015-06-15,,48.84,49.35,48.71,49.27,2957417.0,48.990170059348,2957417.0
2015-06-16,,49.3,49.73,48.9,49.71,1779480.0,49.42767107063501,1779480.0
2015-06-17,,49.75,50.37,49.71,50.17,2766413.0,49.885058491526,2766413.0
2015-06-18,,50.29,50.6,50.16,50.5,3667225.0,50.213184249990995,3667225.0
2015-06-19,,50.36,50.62,50.2,50.24,2847790.0,49.95466092514,2847790.0
2015-06-22,,50.6,50.7,50.065,50.22,2022327.0,49.934774515536006,2022327.0
2015-06-23,,50.41,50.85,50.24,50.47,1935913.0,50.18335463558501,1935913.0
2015-06-24,,50.25,50.2956,49.71,49.71,2226157.0,49.42767107063501,2226157.0
2015-06-25,,49.84,55.38,49.57,55.38,2708966.0,55.065468193357,2708966.0
2015-06-26,,53.93,54.0,48.26,48.42,18908243.0,48.14499765118,18908243.0
2015-06-29,,48.51,48.69,47.04,47.07,5144279.0,46.802665002912995,5144279.0
2015-06-30,,47.67,48.61,47.21,48.325,3382654.0,48.050537205561,3382654.0
2015-07-01,,48.75,49.04,47.83,48.43,5393334.0,48.154940855982,5393334.0
2015-07-02,,48.6,48.66,47.89,48.31,2053992.0,48.035622398358,2053992.0
2015-07-06,,48.04,48.4,47.77,48.4,3074583.0,48.125111241576,3074583.0
2015-07-07,,48.54,48.78,47.1,47.88,5607568.0,47.608064591872996,5607568.0
2015-07-08,,47.35,47.43,46.455,46.48,3401157.0,46.216015919596,3401157.0
2015-07-09,,47.11,47.37,46.56,46.57,3409226.0,46.305504762813996,3409226.0
2015-07-10,,47.0,47.185,46.82,46.96,2887967.0,46.693289750091,2887967.0
2015-07-14,,47.04,47.56,46.28,47.46,5446358.0,47.190449990190004,5446358.0
2015-07-15,,47.5,47.63,47.01,47.11,2062466.0,46.84243782212,2062466.0
2015-07-16,,47.39,48.2199,48.2199,48.0,3338169.0,47.72738304949701,3338169.0
2015-07-17,,48.0,48.3,47.72,47.8,2289361.0,47.528518953457,2289361.0
2015-07-20,,48.1,49.03,48.02,48.98,3263323.0,48.70181712009,3263323.0
2015-07-21,,49.7,49.75,48.9301,49.12,4377752.0,48.841021987318,4377752.0
2015-07-22,,49.05,50.06,49.02,50.02,2937276.0,49.735910419496,2937276.0
2015-07-23,,49.96,50.39,49.512,49.85,2198393.0,49.566875937862996,2198393.0
2015-07-24,,49.9,50.3,49.33,49.49,2043023.0,49.208920564991,2043023.0
2015-07-27,,49.39,49.57,48.77,49.48,1683488.0,49.198977360189,1683488.0
2015-07-28,,49.52,49.57,48.17,48.85,4784033.0,48.572555457665004,4784033.0
2015-07-29,,49.1,49.16,47.87,48.4,3443017.0,48.125111241576,3443017.0
2015-07-30,,47.96,48.72,47.96,48.55,1542771.0,48.274259313605,1542771.0
2015-07-31,,48.82,49.45,48.74,48.98,2459416.0,48.70181712009,2459416.0
2015-08-03,,49.16,49.49,47.99,48.48,3513097.0,48.204656879991,3513097.0
2015-08-04,,49.11,50.0,48.28,48.85,4811532.0,48.572555457665004,4811532.0
2015-08-05,,48.95,49.12,48.52,48.61,4087350.0,48.333918542417,4087350.0
2015-08-06,,49.56,50.25,47.97,48.28,3175385.0,48.005792783951996,3175385.0
2015-08-07,,48.12,48.47,47.44,48.31,2912446.0,48.035622398358,2912446.0
2015-08-10,,48.5,49.09,48.275,48.39,3041796.0,48.115168036773994,3041796.0
2015-08-11,,48.07,48.535,47.84,48.21,1794090.0,48.018718950194,1794090.0
2015-08-12,,47.9,48.08,46.88,47.86,3520293.0,47.670107632364996,3520293.0
2015-08-13,,47.82,48.38,47.6,47.66,2536183.0,47.470901165034,2536183.0
2015-08-14,,47.65,47.65,46.94,47.47,2565386.0,47.281655021069,2565386.0
2015-08-17,,47.3,48.71,47.26,48.69,1849635.0,48.49681447178899,1849635.0
2015-08-18,,48.59,48.78,47.69,47.73,2847798.0,47.5406234286,2847798.0
2015-08-19,,47.45,48.18,47.22,47.91,2130655.0,47.719909249198,2130655.0
2015-08-20,,47.36,47.68,46.28,46.38,2515567.0,46.195979774114,2515567.0
2015-08-21,,45.85,46.32,45.01,45.02,3688843.0,44.841375796261,3688843.0
2015-08-24,,42.51,44.97,37.73,44.05,3729222.0,43.875224429705,3729222.0
2015-08-25,,44.59,44.84,42.56,42.56,3782224.0,42.391136248087,3782224.0
2015-08-26,,43.55,44.33,41.99,44.25,5742444.0,44.074430897036,5742444.0
2015-08-27,,44.6,46.15,44.11,45.86,4539345.0,45.678042959052,4539345.0
2015-08-28,,45.88,46.13,45.06,45.78,2695775.0,45.59836037212,2695775.0
2015-08-31,,45.46,45.91,44.77,44.87,2580029.0,44.691970945762996,2580029.0
2015-09-01,,43.95,44.89,43.78,43.98,4270255.0,43.805502166139,4270255.0
2015-09-02,,44.49,45.16,43.9,45.12,2600971.0,44.94097902992699,2600971.0
2015-09-03,,45.32,45.62,44.315,44.53,2858110.0,44.3533199513,2858110.0
2015-09-04,,43.97,44.73,43.53,44.01,4196363.0,43.835383136239,4196363.0
2015-09-08,,44.72,44.94,43.815,44.89,4063538.0,44.711891592496,4063538.0
2015-09-09,,45.18,45.26,43.85,43.95,2964688.0,43.775621196039,2964688.0
2015-09-10,,43.93,44.93,43.8,44.34,2871193.0,44.164073807334994,2871193.0
2015-09-11,,44.6,45.13,44.124,45.0,2476112.0,44.821455149528,2476112.0
2015-09-14,,44.87,45.0,44.19,44.47,2149497.0,44.2935580111,2149497.0
2015-09-15,,44.7,45.13,44.48,45.06,1948956.0,44.881217089728004,1948956.0
2015-09-16,,44.79,44.85,43.7,44.51,4127425.0,44.333399304567,4127425.0
2015-09-17,,44.75,46.629,44.75,46.01,5403370.0,45.827447809551,5403370.0
2015-09-18,,45.31,45.7,44.9,45.12,7969256.0,44.94097902992699,7969256.0
2015-09-21,,45.28,45.57,44.11,44.5,2418411.0,44.3234389812,2418411.0
2015-09-22,,44.01,44.52,43.74,44.23,2325056.0,44.05451025030301,2325056.0
2015-09-23,,44.2,44.66,43.99,44.32,1794009.0,44.144153160601995,1794009.0
2015-09-24,,44.13,44.199,43.01,43.59,2945371.0,43.417049554843,2945371.0
2015-09-25,,44.11,44.14,41.88,42.51,3436661.0,42.341334631254,3436661.0
2015-09-28,,42.27,42.3,39.38,39.96,8908016.0,39.801452172781,8908016.0
2015-09-29,,40.3,40.77,38.98,39.65,7154721.0,39.492682148418005,7154721.0
2015-09-30,,40.63,41.22,40.35,41.18,4908517.0,41.016611623502,4908517.0
2015-10-01,,41.07,41.34,40.37,41.29,4076449.0,41.126175180534,4076449.0
2015-10-02,,40.63,43.04,40.49,43.02,3926882.0,42.849311122949,3926882.0
2015-10-05,,43.15,43.39,42.35,42.85,5350539.0,42.679985625717,5350539.0
2015-10-06,,42.78,43.1,41.19,41.39,4598537.0,41.225778414199,4598537.0
2015-10-07,,41.59,42.71,41.23,42.67,4157157.0,42.500699805119,4157157.0
2015-10-08,,42.56,43.4,41.98,43.22,4399449.0,43.04851759028,4399449.0
2015-10-09,,43.11,43.31,42.77,42.8,2792605.0,42.630184008885,2792605.0
2015-10-12,,42.88,43.07,42.425,42.71,2848060.0,42.540541098585,2848060.0
2015-10-13,,42.54,43.12,42.19,42.32,3259477.0,42.15208848729,3259477.0
2015-10-14,,42.34,42.96,42.13,42.38,2932463.0,42.211850427489,2932463.0
2015-10-15,,41.69,43.12,41.58,43.0,2462439.0,42.829390476216,2462439.0
2015-10-16,,43.21,44.14,43.19,43.93,3978370.0,43.755700549306,3978370.0
2015-10-19,,43.81,44.01,43.23,43.78,1916552.0,43.60629569880801,1916552.0
2015-10-20,,43.66,43.78,42.83,43.09,2809979.0,42.919033386515004,2809979.0
2015-10-21,,43.38,43.56,39.53,41.66,9647366.0,41.494707145096,9647366.0
2015-10-22,,41.69,41.9,39.9768,40.8,8891826.0,40.638119335572,8891826.0
2015-10-23,,41.16,43.18,41.05,42.54,7357403.0,42.371215601353995,7357403.0
2015-10-26,,42.44,42.96,41.99,42.35,2922266.0,42.181969457389,2922266.0
2015-10-27,,42.51,43.36,42.29,42.74,4490951.0,42.570422068685005,4490951.0
2015-10-28,,42.69,43.79,42.31,43.34,3205091.0,43.168041470679,3205091.0
2015-10-29,,43.31,43.91,43.24,43.55,2791034.0,43.377208261377,2791034.0
2015-10-30,,43.38,43.69,42.89,43.01,3752401.0,42.839350799582,3752401.0
2015-11-02,,43.54,44.52,43.165,44.24,4256645.0,44.064470573669006,4256645.0
2015-11-03,,46.47,46.9,45.4,46.63,7560788.0,46.52765854222,7560788.0
2015-11-04,,46.65,47.14,46.23,46.55,7718146.0,46.447834122675,7718146.0
2015-11-05,,46.56,46.78,44.92,45.46,4754178.0,45.360226406376,4754178.0
2015-11-06,,45.4,46.2844,44.83,45.97,3481807.0,45.869107080975,3481807.0
2015-11-09,,45.78,46.035,44.96,45.8,3699256.0,45.69948018944199,3699256.0
2015-11-10,,45.85,46.04,45.26,45.88,2961323.0,45.779304608987,2961323.0
2015-11-11,,45.92,45.92,45.055,45.08,2096350.0,44.981060413537996,2096350.0
2015-11-12,,45.01,45.19,44.46,44.53,2834138.0,44.43226752916701,2834138.0
2015-11-13,,44.37,45.08,44.2,44.85,3272639.0,44.751565207347,3272639.0
2015-11-16,,45.0,45.42,44.73,45.3,3521462.0,45.200577567287,3521462.0
2015-11-17,,45.03,46.11,44.73,45.77,3625505.0,45.669546032113,3625505.0
2015-11-18,,45.81,47.2,45.36,47.18,3329923.0,47.07645142659099,3329923.0
2015-11-19,,47.05,47.21,46.57,46.9,2918496.0,46.79706595818401,2918496.0
2015-11-20,,47.0,47.569,46.86,47.32,3661462.0,47.21614416079501,3661462.0
2015-11-23,,47.23,47.43,46.6115,46.96,2401229.0,46.856934272843,2401229.0
2015-11-24,,46.56,46.99,46.3,46.93,1363458.0,46.827000115513,1363458.0
2015-11-25,,46.8,47.23,46.66,46.97,2189860.0,46.866912325285995,2189860.0
2015-11-27,,47.14,47.23,46.91,47.08,1155073.0,46.976670902159995,1155073.0
2015-11-30,,47.08,47.25,46.46,46.7,3381243.0,46.597504909322005,3381243.0
2015-12-01,,46.81,47.13,46.21,47.01,2953097.0,46.906824535058,2953097.0
2015-12-02,,47.07,47.18,46.07,46.37,2332080.0,46.268229178698995,2332080.0
2015-12-03,,46.48,46.54,44.94,45.2,2465303.0,45.10079704285499,2465303.0
2015-12-04,,45.36,46.495,45.17,46.46,2237629.0,46.358031650686996,2237629.0
2015-12-07,,46.47,46.83,45.35,45.91,2106633.0,45.80923876631601,2106633.0
2015-12-08,,45.45,46.2,45.4,45.94,1335176.0,45.839172923646004,1335176.0
2015-12-09,,45.61,46.18,44.97,45.21,1753904.0,45.110775095299,1753904.0
2015-12-10,,45.16,46.49,45.15,46.1,2462290.0,45.998821762735005,2462290.0
2015-12-11,,45.39,46.0002,45.33,45.83,4225430.0,45.729414346771,4225430.0
2015-12-14,,45.85,46.64,45.55,46.59,3881051.0,46.487746332448,3881051.0
2015-12-15,,47.05,47.65,46.87,46.97,4154089.0,46.866912325285995,4154089.0
2015-12-16,,47.42,47.55,46.16,47.09,3435485.0,46.986648954603005,3435485.0
2015-12-17,,47.27,47.57,46.4925,46.73,2642280.0,46.627439066651,2642280.0
2015-12-18,,46.6,47.6198,46.49,46.6,5159829.0,46.49772438489101,5159829.0
2015-12-21,,46.83,47.37,46.56,47.34,2465963.0,47.236100265681,2465963.0
2015-12-22,,47.5,48.46,47.39,47.72,2384191.0,47.615266258519,2384191.0
2015-12-23,,47.84,48.1,47.61,47.98,2322420.0,47.87469562204001,2322420.0
2015-12-24,,47.86,48.45,47.63,48.13,965268.0,48.024366408687,965268.0
2015-12-28,,47.96,48.2,47.59,47.9,928317.0,47.794871202495,928317.0
2015-12-29,,48.37,48.62,47.96,48.33,1479047.0,48.223927457549,1479047.0
2015-12-30,,48.33,48.645,48.005,48.26,1453736.0,48.154081090446994,1453736.0
2015-12-31,,47.93,48.4,47.81,47.92,1758018.0,47.814827307381,1758018.0
2016-01-04,,46.94,47.72,46.75,47.27,2864667.0,47.166253898578994,2864667.0
2016-01-05,,47.51,48.1,47.28,48.01,3116662.0,47.904629779369,3116662.0
2016-01-06,,47.27,48.35,47.256,48.02,4318770.0,47.914607831812,4318770.0
2016-01-07,,46.99,48.0,46.29,46.56,4324437.0,46.457812175118,4324437.0
2016-01-08,,46.94,47.57,45.65,45.88,4629845.0,45.779304608987,4629845.0
2016-01-11,,46.1,46.34,43.825,44.58,4151305.0,44.482157791383,4151305.0
2016-01-12,,43.87,45.05,43.25,44.97,6618394.0,44.871301836664,6618394.0
2016-01-13,,45.25,45.33,43.03,43.25,4185446.0,43.155076816449004,4185446.0
2016-01-14,,43.34,44.4,42.66,44.13,4759409.0,44.033145431443,4759409.0
2016-01-15,,43.0,43.85,42.77,43.38,4519065.0,43.28479149821,4519065.0
2016-01-19,,44.11,44.7235,42.73,43.19,4594992.0,43.19,4594992.0
2016-01-20,,42.57,44.28,42.41,43.79,5208990.0,43.79,5208990.0
2016-01-21,,43.79,43.92,42.98,43.08,3777378.0,43.08,3777378.0
2016-01-22,,43.59,43.82,43.1,43.4,3394962.0,43.4,3394962.0
2016-01-25,,43.25,43.765,43.06,43.2,2356369.0,43.2,2356369.0
2016-01-26,,43.3,44.06,43.15,43.87,3797467.0,43.87,3797467.0
2016-01-27,,43.67,44.36,42.795,43.15,3240325.0,43.15,3240325.0
2016-01-28,,43.4,43.575,42.71,42.84,5660446.0,42.84,5660446.0
2016-01-29,,43.2,43.36,42.61,43.05,7000602.0,43.05,7000602.0
2016-02-01,,43.0,43.39,42.51,42.96,4702448.0,42.96,4702448.0
2016-02-02,,42.43,42.53,41.37,41.72,3385656.0,41.72,3385656.0
2016-02-03,,41.84,42.0,40.45,41.31,5142947.0,41.31,5142947.0
2016-02-04,,41.15,41.95,40.93,41.54,3918627.0,41.54,3918627.0
2016-02-05,,41.32,41.51,40.61,40.91,4047634.0,40.91,4047634.0
2016-02-08,,40.4,40.71,39.5901,40.19,3961516.0,40.19,3961516.0
2016-02-09,,39.58,40.96,39.39,39.86,5912055.0,39.86,5912055.0
2016-02-10,,40.17,40.48,39.25,39.33,6594226.0,39.33,6594226.0
2016-02-11,,38.98,39.5275,38.26,39.36,8041250.0,39.36,8041250.0
2016-02-12,,39.81,40.48,39.21,40.43,6730123.0,40.43,6730123.0
2016-02-16,,41.66,41.865,39.73,40.43,5597358.0,40.43,5597358.0
2016-02-17,,40.78,42.0,40.47,41.8,7222177.0,41.8,7222177.0
2016-02-18,,41.56,42.37,41.53,42.02,5350351.0,42.02,5350351.0
2016-02-19,,42.07,42.23,41.3981,41.83,3841058.0,41.83,3841058.0
2016-02-22,,42.12,42.83,41.79,42.77,3415967.0,42.77,3415967.0
2016-02-23,,42.58,43.2,42.29,42.37,2488861.0,42.37,2488861.0
2016-02-24,,41.94,42.42,41.25,42.37,2968549.0,42.37,2968549.0
2016-02-25,,42.37,42.92,41.785,42.9,4114566.0,42.9,4114566.0
2016-02-26,,42.99,43.34,42.22,42.36,2654259.0,42.36,2654259.0
2016-02-29,,42.1,42.17,41.05,41.06,3471687.0,41.06,3471687.0
2016-03-01,,41.49,42.14,40.88,42.1,5279683.0,42.1,5279683.0
2016-03-02,,41.91,42.18,41.51,41.72,2507671.0,41.72,2507671.0
2016-03-03,,41.72,41.85,40.7,41.08,4459392.0,41.08,4459392.0
2016-03-04,,41.08,41.32,40.615,40.8,3556177.0,40.8,3556177.0
2016-03-07,,40.6,41.43,40.46,41.2,3533383.0,41.2,3533383.0
2016-03-08,,40.84,41.14,40.16,40.23,3259137.0,40.23,3259137.0
2016-03-09,,40.55,40.6,39.84,40.46,4082014.0,40.46,4082014.0
2016-03-11,,40.2,41.905,40.02,41.87,5890880.0,41.87,5890880.0
2016-03-14,,41.63,41.71,41.07,41.31,3336915.0,41.31,3336915.0
2016-03-15,,41.06,41.09,39.97,40.72,7034602.0,40.72,7034602.0
2016-03-16,,40.86,40.86,40.1,40.46,5145218.0,40.46,5145218.0
2016-03-17,,40.49,40.67,39.5201,39.72,7288060.0,39.72,7288060.0
2016-03-18,,39.92,41.04,39.8,40.86,5812842.0,40.86,5812842.0
2016-03-21,,40.91,42.03,40.88,41.62,5461655.0,41.62,5461655.0
2016-03-22,,41.59,42.885,41.59,42.75,7592572.0,42.75,7592572.0
2016-03-23,,42.8,42.84,42.15,42.64,5261521.0,42.64,5261521.0
2016-03-24,,42.27,43.06,42.13,42.48,4796572.0,42.48,4796572.0
