,Date,Open,High,Low,Close,Volume,Adj. Close,Adj. Volume
0,2011-10-13,23.5,24.27,23.0,24.25,396800.0,22.67424839486,396800.0
1,2011-10-14,24.36,25.49,24.36,25.35,402600.0,23.702771002461,402600.0
2,2011-10-17,25.5,25.8,25.16,25.16,583400.0,23.525117097512002,583400.0
3,2011-10-18,25.06,25.36,24.9,25.24,423500.0,23.599918741701003,423500.0
4,2011-10-19,25.25,25.35,24.75,24.75,722200.0,23.141758671042,722200.0
5,2011-10-20,24.8,25.03,24.33,24.75,549700.0,23.141758671042,549700.0
6,2011-10-21,25.0,25.75,24.95,25.54,1764500.0,23.880424907410998,1764500.0
7,2011-10-24,25.5,25.85,25.5,25.77,371300.0,24.095479634455,371300.0
8,2011-10-25,25.88,26.08,25.0,25.75,546800.0,24.076779223408,546800.0
9,2011-10-26,26.09,26.09,24.86,25.02,657300.0,23.394214220181,657300.0
10,2011-10-27,25.25,25.95,25.25,25.62,405400.0,23.9552265516,405400.0
11,2011-10-28,25.5,25.82,25.25,25.82,584700.0,24.142230662073,584700.0
12,2011-10-31,26.25,26.74,25.25,26.74,15106000.0,25.002449570249,15106000.0
13,2011-11-01,25.6,28.28,25.15,27.31,6095200.0,25.535411285097,6095200.0
14,2011-11-02,27.4,27.4,25.79,26.62,2476700.0,24.890247103965002,2476700.0
15,2011-11-03,26.94,27.07,26.38,26.39,1615000.0,24.675192376921,1615000.0
16,2011-11-04,26.17,26.59,24.88,25.19,1923300.0,23.553167714083,1923300.0
17,2011-11-07,24.91,25.48,24.37,24.6,2703500.0,23.001505588186998,2703500.0
18,2011-11-08,25.1,25.35,24.76,24.94,2024100.0,23.319412575991997,2024100.0
19,2011-11-09,24.35,25.0,23.84,23.89,1570900.0,22.337640996008002,1570900.0
20,2011-11-10,24.48,24.71,23.52,23.65,1166000.0,22.11323606344,1166000.0
21,2011-11-11,23.88,24.09,23.63,23.79,1266200.0,22.244138940771,1266200.0
22,2011-11-14,23.58,24.1,23.49,23.93,1339000.0,22.469478893892003,1339000.0
23,2011-11-15,23.94,24.37,23.82,23.99,1657700.0,22.525816910341,1657700.0
24,2011-11-16,23.95,24.6,23.78,24.12,1804600.0,22.647882612648,1804600.0
25,2011-11-17,24.0,24.19,23.66,23.85,1279200.0,22.394361538625997,1279200.0
26,2011-11-18,23.88,24.14,23.72,23.93,1426200.0,22.469478893892003,1426200.0
27,2011-11-21,23.7,23.81,23.34,23.62,1282100.0,22.178399142236,1282100.0
28,2011-11-22,25.02,26.14,22.67,23.63,2126400.0,22.187788811645003,2126400.0
29,2011-11-23,23.27,23.75,22.88,23.68,1009700.0,22.234737158686,1009700.0
30,2011-11-25,23.45,23.45,22.88,23.0,991100.0,21.596239638926,991100.0
31,2011-11-28,23.66,24.18,23.14,23.49,1567300.0,22.056333439929,1567300.0
32,2011-11-29,23.51,23.6,23.17,23.27,1222400.0,21.849760712947997,1222400.0
33,2011-11-30,24.06,24.2,23.33,23.9,2320800.0,22.441309885667,2320800.0
34,2011-12-01,23.81,24.36,23.65,24.27,1046700.0,22.788727653771,1046700.0
35,2011-12-02,25.48,25.48,24.22,24.25,1208900.0,22.769948314955002,1208900.0
36,2011-12-05,24.57,25.15,24.41,25.09,930900.0,23.558680545246002,930900.0
37,2011-12-06,25.02,25.07,24.51,24.83,662800.0,23.314549140632,662800.0
38,2011-12-07,24.72,24.83,23.86,24.57,951200.0,23.070417736018,951200.0
39,2011-12-08,24.45,24.55,23.8,23.88,938700.0,22.42253054685,938700.0
40,2011-12-09,24.07,24.46,23.96,24.35,549800.0,22.863845009037,549800.0
41,2011-12-12,23.95,24.19,23.24,23.92,1213400.0,22.460089224483,1213400.0
42,2011-12-13,24.02,24.45,23.71,23.85,1652500.0,22.394361538625997,1652500.0
43,2011-12-14,23.6,23.6,22.93,23.41,1736000.0,21.981216084664002,1736000.0
44,2011-12-15,23.55,24.06,23.44,23.92,1074900.0,22.460089224483,1074900.0
45,2011-12-16,24.14,24.94,24.01,24.67,2925700.0,23.164314430100003,2925700.0
46,2011-12-19,24.67,24.86,24.15,24.25,1107200.0,22.769948314955002,1107200.0
47,2011-12-20,24.59,24.72,23.96,24.31,1190000.0,22.826286331404,1190000.0
48,2011-12-21,24.45,25.03,24.02,24.92,2177400.0,23.399056165306,2177400.0
49,2011-12-22,25.07,25.65,24.8,24.83,971100.0,23.314549140632,971100.0
50,2011-12-23,24.83,25.16,24.7,24.91,575000.0,23.389666495898,575000.0
51,2011-12-27,24.84,25.05,24.47,25.05,664400.0,23.521121867613,664400.0
52,2011-12-28,25.11,25.76,25.11,25.56,917700.0,23.999995007433,917700.0
53,2011-12-29,25.67,26.46,25.5,25.95,3975200.0,24.366192114354,3975200.0
54,2011-12-30,25.99,25.99,25.14,25.69,1169700.0,24.12206070974,1169700.0
55,2012-01-03,26.02,26.43,25.07,25.14,1059100.0,23.605628892287,1059100.0
56,2012-01-04,25.07,26.07,24.84,25.97,1391900.0,24.38497145317,1391900.0
57,2012-01-05,25.78,25.81,24.87,25.6,2270700.0,24.037553685065998,2270700.0
58,2012-01-06,25.54,25.62,25.12,25.17,524400.0,23.633797900512,524400.0
59,2012-01-09,25.16,25.42,24.82,25.27,558700.0,23.727694594594002,558700.0
60,2012-01-10,25.46,25.7,25.25,25.58,1048300.0,24.018774346249,1048300.0
61,2012-01-11,25.46,26.26,25.39,26.06,1066300.0,24.469478477844,1066300.0
62,2012-01-12,26.08,26.14,25.68,25.7,709300.0,24.131450379148003,709300.0
63,2012-01-13,25.45,25.68,25.34,25.63,886200.0,24.06572269329,886200.0
64,2012-01-17,25.9,26.28,25.59,25.63,465400.0,24.06572269329,465400.0
65,2012-01-18,25.51,27.04,25.43,26.99,1453700.0,25.34271773281,1453700.0
66,2012-01-19,27.0,27.29,26.44,26.62,838000.0,24.995299964705,838000.0
67,2012-01-20,26.62,26.68,26.3,26.36,1014900.0,24.751168560091,1014900.0
68,2012-01-23,26.45,26.6,25.56,25.75,842800.0,24.178398726189,842800.0
69,2012-01-24,25.69,26.21,25.6,26.14,761400.0,24.544595833109998,761400.0
70,2012-01-25,26.04,26.63,25.82,26.6,881800.0,24.976520625889002,881800.0
71,2012-01-26,26.68,26.85,25.76,25.94,850000.0,24.356802444946,850000.0
72,2012-01-27,25.61,25.98,25.61,25.81,685900.0,24.234736742638997,685900.0
73,2012-01-30,25.65,25.96,25.5,25.92,475300.0,24.338023106128997,475300.0
74,2012-01-31,26.11,26.25,25.65,25.91,792700.0,24.328633436721002,792700.0
75,2012-02-01,26.02,26.85,25.92,26.82,816600.0,25.183093352870003,816600.0
76,2012-02-02,26.86,26.99,26.62,26.65,715200.0,25.02346897293,715200.0
77,2012-02-03,26.96,27.08,26.57,27.03,719800.0,25.380276410442,719800.0
78,2012-02-06,26.9,27.12,26.64,26.78,655100.0,25.145534675237002,655100.0
79,2012-02-07,26.7,27.35,26.53,27.22,963800.0,25.558680129199,963800.0
80,2012-02-08,27.16,27.39,26.8,27.39,737900.0,25.718304509139,737900.0
81,2012-02-09,27.35,27.4,26.91,27.13,721500.0,25.474173104524997,721500.0
82,2012-02-10,26.96,27.13,26.83,27.07,527300.0,25.417835088074998,527300.0
83,2012-02-13,27.35,27.35,26.83,27.03,638900.0,25.380276410442,638900.0
84,2012-02-14,26.9,27.21,26.82,26.92,926400.0,25.276990046952,926400.0
85,2012-02-15,26.97,27.11,26.87,27.0,1071300.0,25.352107402218,1071300.0
86,2012-02-16,27.02,27.32,26.96,27.15,639700.0,25.492952443340997,639700.0
87,2012-02-17,27.26,27.63,27.17,27.59,583500.0,25.906097897303,583500.0
88,2012-02-21,27.66,28.12,27.51,27.82,753500.0,26.122060293693,753500.0
89,2012-02-22,27.66,28.06,27.48,27.53,467500.0,25.849759880854002,467500.0
90,2012-02-23,27.52,27.83,27.3,27.78,335900.0,26.08450161606,335900.0
91,2012-02-24,27.89,27.94,27.24,27.26,827900.0,25.596238806831998,827900.0
92,2012-02-27,27.1,27.4,26.87,27.36,1429000.0,25.690135500914,1429000.0
93,2012-02-28,27.24,27.24,26.12,26.84,3443900.0,25.201872691686006,3443900.0
94,2012-02-29,26.76,26.95,25.91,25.98,4339600.0,24.394361122578,4339600.0
95,2012-03-01,26.03,26.73,25.79,26.69,1801400.0,25.155863311586,1801400.0
96,2012-03-02,26.37,26.95,26.37,26.6,1594900.0,25.071036496372,1594900.0
97,2012-03-05,26.6,26.7,26.04,26.22,1339800.0,24.712878832139,1339800.0
98,2012-03-06,25.95,26.02,25.39,25.85,1334200.0,24.364146369594998,1334200.0
99,2012-03-07,26.09,26.3,25.74,26.21,933200.0,24.703453630448,933200.0
100,2012-03-08,26.3,26.7,25.97,26.62,894800.0,25.089886899752997,894800.0
101,2012-03-09,26.57,27.36,26.53,27.25,719500.0,25.683674606246,719500.0
102,2012-03-12,27.38,27.63,27.26,27.53,879800.0,25.947580253576003,879800.0
103,2012-03-13,27.64,28.44,27.64,28.42,861600.0,26.786423204019,861600.0
104,2012-03-14,28.41,28.48,28.2,28.36,1183100.0,26.729871993877,1183100.0
105,2012-03-15,28.39,28.84,28.06,28.73,689200.0,27.078604456420003,689200.0
106,2012-03-16,28.74,28.87,28.17,28.19,903100.0,26.569643565141,903100.0
107,2012-03-19,28.21,28.5,27.88,27.94,796500.0,26.334013522880998,796500.0
108,2012-03-20,27.85,27.92,27.08,27.31,993200.0,25.740225816388,993200.0
109,2012-03-21,27.3,27.56,27.25,27.33,872000.0,25.759076219769,872000.0
110,2012-03-22,27.12,27.37,26.98,27.22,665800.0,25.655399001175,665800.0
111,2012-03-23,27.37,27.37,27.06,27.2,519500.0,25.636548597794,519500.0
112,2012-03-26,27.37,27.86,27.37,27.85,642100.0,26.249186707668,642100.0
113,2012-03-27,27.92,28.02,27.61,27.99,601000.0,26.381139531332998,601000.0
114,2012-03-28,27.96,28.11,27.54,27.96,918000.0,26.352863926262003,918000.0
115,2012-03-29,27.81,27.81,27.25,27.66,855500.0,26.070107875551,855500.0
116,2012-03-30,27.83,27.86,27.4,27.75,1310900.0,26.154934690765,1310900.0
117,2012-04-02,27.71,28.35,27.7,28.32,817100.0,26.692171187115,817100.0
118,2012-04-03,28.33,28.55,27.93,28.25,1034300.0,26.626194775282997,1034300.0
119,2012-04-04,27.91,27.94,27.58,27.8,1070400.0,26.202060699216,1070400.0
120,2012-04-05,27.75,28.23,27.75,27.97,477500.0,26.362289127953,477500.0
121,2012-04-09,27.47,27.55,27.2,27.36,495500.0,25.78735182484,495500.0
122,2012-04-10,27.24,27.34,26.58,26.94,909900.0,25.391493353845,909900.0
123,2012-04-11,27.19,27.3,26.83,27.0,810200.0,25.448044563987004,810200.0
124,2012-04-12,26.91,27.39,26.87,27.32,646500.0,25.749651018079,646500.0
125,2012-04-13,27.1,27.21,26.79,26.83,492700.0,25.287816135251003,492700.0
126,2012-04-16,27.11,27.3,26.5,26.9,850400.0,25.353792547083,850400.0
127,2012-04-17,27.29,27.31,26.85,27.2,540600.0,25.636548597794,540600.0
128,2012-04-18,27.12,27.73,27.04,27.65,1118700.0,26.060682673861,1118700.0
129,2012-04-19,27.61,27.97,26.9,27.1,1061300.0,25.542296580890998,1061300.0
130,2012-04-20,27.18,27.64,27.07,27.36,807500.0,25.78735182484,807500.0
131,2012-04-23,27.06,27.06,26.52,26.89,556500.0,25.344367345393,556500.0
132,2012-04-24,26.95,27.5,26.9,27.1,518100.0,25.542296580890998,518100.0
133,2012-04-25,27.34,27.81,27.34,27.7,569600.0,26.107808682313,569600.0
134,2012-04-26,27.64,28.1,27.63,28.1,459100.0,26.484816749927006,459100.0
135,2012-04-27,28.14,28.52,28.14,28.38,642700.0,26.748722397258,642700.0
136,2012-04-30,28.32,28.32,27.81,27.88,364000.0,26.277462312739,364000.0
137,2012-05-01,27.91,28.32,27.58,27.66,638900.0,26.070107875551,638900.0
138,2012-05-02,27.45,27.95,27.4,27.76,835000.0,26.164359892455,835000.0
139,2012-05-03,27.69,27.72,27.05,27.3,990000.0,25.730800614698,990000.0
140,2012-05-04,27.3,27.3,26.45,26.45,870000.0,24.929658471017,870000.0
141,2012-05-07,26.39,26.64,26.13,26.21,995000.0,24.703453630448,995000.0
142,2012-05-08,26.1,26.44,25.65,26.36,925900.0,24.844831655804,925900.0
143,2012-05-09,25.91,26.39,25.61,26.13,923400.0,24.628052016925,923400.0
144,2012-05-10,26.3,26.56,26.05,26.14,701500.0,24.637477218616,701500.0
145,2012-05-11,26.0,26.47,25.92,26.03,625800.0,24.533800000022,625800.0
146,2012-05-14,25.83,26.05,25.43,25.43,567200.0,23.9682878986,567200.0
147,2012-05-15,25.38,25.57,25.17,25.21,565500.0,23.760933461412,565500.0
148,2012-05-16,25.43,25.76,25.3,25.37,1045000.0,23.911736688458,1045000.0
149,2012-05-17,25.34,25.36,24.42,24.42,1455900.0,23.111537064945,1455900.0
150,2012-05-18,24.42,24.87,24.42,24.67,994800.0,23.348141662252,994800.0
151,2012-05-21,24.78,25.51,24.69,25.34,1096700.0,23.982241983035003,1096700.0
152,2012-05-22,25.47,25.85,25.37,25.59,957900.0,24.218846580342003,957900.0
153,2012-05-23,25.36,25.79,24.83,25.79,1252500.0,24.408130258188,1252500.0
154,2012-05-24,25.94,26.14,25.77,26.14,528800.0,24.739376694417,528800.0
155,2012-05-25,26.19,26.31,25.61,25.65,677800.0,24.275631683695998,677800.0
156,2012-05-29,25.79,26.34,25.74,25.89,801000.0,24.502772097111002,801000.0
157,2012-05-30,25.46,25.84,25.27,25.45,591900.0,24.08634800585,591900.0
158,2012-05-31,25.54,25.55,24.97,25.33,1021600.0,23.972777799143,1021600.0
159,2012-06-01,24.71,25.03,24.45,24.48,1379300.0,23.168322168299,1379300.0
160,2012-06-04,24.48,24.55,24.03,24.51,643400.0,23.196714719976,643400.0
161,2012-06-05,24.38,24.66,23.94,24.58,499600.0,23.262964007222,499600.0
162,2012-06-06,24.89,25.49,24.89,25.49,553800.0,24.124204741419,553800.0
163,2012-06-07,26.63,26.63,25.59,25.74,802100.0,24.360809338726,802100.0
164,2012-06-08,25.71,26.09,25.32,25.92,862300.0,24.531164648786998,862300.0
165,2012-06-11,26.29,26.33,25.45,25.51,816100.0,24.143133109204,816100.0
166,2012-06-12,25.5,25.67,25.35,25.58,1222700.0,24.20938239645,1222700.0
167,2012-06-13,25.34,25.5,25.07,25.17,1196300.0,23.821350856866,1196300.0
168,2012-06-14,25.21,25.25,24.92,25.0,1478400.0,23.660459730697998,1478400.0
169,2012-06-15,25.14,25.43,24.92,25.32,3023700.0,23.963313615251003,3023700.0
170,2012-06-18,25.21,25.28,24.95,25.13,860500.0,23.783494121297,860500.0
171,2012-06-19,25.25,25.6,25.05,25.08,1441400.0,23.736173201836,1441400.0
172,2012-06-20,25.03,25.05,24.49,24.72,1123100.0,23.395462581714,1123100.0
173,2012-06-21,25.17,25.45,24.27,24.28,1418600.0,22.979038490454002,1418600.0
174,2012-06-22,24.39,24.39,23.89,24.02,1268800.0,22.732969709253997,1268800.0
175,2012-06-25,23.7,23.79,23.21,23.61,1097600.0,22.344938169671,1097600.0
176,2012-06-26,23.62,24.07,23.48,23.92,1163900.0,22.638327870332,1163900.0
177,2012-06-27,24.02,24.35,23.85,24.29,1045100.0,22.988502674345998,1045100.0
178,2012-06-28,23.6,24.61,23.02,24.59,1942900.0,23.272428191114006,1942900.0
179,2012-06-29,25.28,25.51,25.03,25.17,1590300.0,23.821350856866,1590300.0
180,2012-07-02,25.27,25.46,24.9,25.04,708700.0,23.698316466267,708700.0
181,2012-07-03,24.99,25.68,24.94,25.68,324900.0,24.304024235373,324900.0
182,2012-07-05,25.55,25.7,25.33,25.53,620100.0,24.162061476988,620100.0
183,2012-07-06,25.22,25.5,25.15,25.2,433100.0,23.849743408543,433100.0
184,2012-07-09,25.09,25.25,24.77,25.0,692700.0,23.660459730697998,692700.0
185,2012-07-10,25.09,25.45,24.28,24.36,916200.0,23.054751961592,916200.0
186,2012-07-11,24.35,24.35,23.3,23.93,1620500.0,22.647792054224,1620500.0
187,2012-07-12,23.71,23.71,23.17,23.18,1070500.0,21.937978262302998,1070500.0
188,2012-07-13,23.23,23.85,23.22,23.31,1232600.0,22.061012652903,1232600.0
189,2012-07-16,23.24,23.48,23.0,23.16,990600.0,21.919049894518,990600.0
190,2012-07-17,23.35,23.68,23.19,23.65,1377700.0,22.38279490524,1377700.0
191,2012-07-18,23.52,24.07,23.52,23.93,684800.0,22.647792054224,684800.0
192,2012-07-19,23.96,24.16,23.66,24.12,689600.0,22.827611548177,689600.0
193,2012-07-20,23.93,24.21,23.72,23.79,570900.0,22.515293479731998,570900.0
194,2012-07-23,23.41,24.0,23.31,23.88,660800.0,22.600471134762,660800.0
195,2012-07-24,23.82,23.95,23.37,23.59,790900.0,22.326009801886002,790900.0
196,2012-07-25,23.72,23.99,23.52,23.91,568800.0,22.628863686439,568800.0
197,2012-07-26,24.25,24.25,23.69,23.73,1402200.0,22.458508376378003,1402200.0
198,2012-07-27,23.92,24.29,23.76,24.2,810700.0,22.903325019314998,810700.0
199,2012-07-30,24.17,24.28,24.01,24.2,626300.0,22.903325019314998,626300.0
200,2012-07-31,24.17,24.22,23.95,23.98,631500.0,22.695112973685003,631500.0
201,2012-08-01,24.06,24.19,23.54,23.9,1666500.0,22.619399502547,1666500.0
202,2012-08-02,23.38,23.71,22.43,23.57,1850800.0,22.307081434102006,1850800.0
203,2012-08-03,23.65,24.15,23.65,24.03,1228700.0,22.742433893147002,1228700.0
204,2012-08-06,24.11,24.25,23.83,24.13,701900.0,22.837075732069,701900.0
205,2012-08-07,24.24,24.27,24.08,24.24,678300.0,22.941181754884,678300.0
206,2012-08-08,24.1,24.23,23.9,24.15,488300.0,22.856004099854,488300.0
207,2012-08-09,24.21,24.64,24.09,24.47,470700.0,23.158857984407,470700.0
208,2012-08-10,24.36,24.72,24.26,24.46,627400.0,23.149393800515,627400.0
209,2012-08-13,24.44,24.67,24.27,24.51,330100.0,23.196714719976,330100.0
210,2012-08-14,24.67,24.82,23.96,24.06,609400.0,22.770826444822998,609400.0
211,2012-08-15,24.03,24.29,23.94,24.29,475700.0,22.988502674345998,475700.0
212,2012-08-16,24.25,25.06,24.25,24.94,942100.0,23.603674627344,942100.0
213,2012-08-17,24.95,25.19,24.89,25.14,718700.0,23.79295830519,718700.0
214,2012-08-20,25.3,25.4,25.06,25.29,710600.0,23.934921063574,710600.0
215,2012-08-21,25.4,25.71,25.2,25.2,608600.0,23.849743408543,608600.0
216,2012-08-22,25.1,25.2,24.83,25.02,575600.0,23.679388098481997,575600.0
217,2012-08-23,24.97,25.11,24.53,24.63,630900.0,23.405873183995,630900.0
218,2012-08-24,24.58,24.72,24.35,24.5,581300.0,23.282334267474,581300.0
219,2012-08-27,24.67,24.68,24.11,24.14,662900.0,22.940226498646002,662900.0
220,2012-08-28,23.93,24.57,23.93,24.05,517400.0,22.854699556438998,517400.0
221,2012-08-29,24.07,24.15,23.88,24.01,597700.0,22.816687582125002,597700.0
222,2012-08-30,23.88,24.19,23.85,24.09,503100.0,22.892711530753,503100.0
223,2012-08-31,24.33,24.33,23.94,24.29,1153800.0,23.082771402324,1153800.0
224,2012-09-04,24.23,24.24,23.81,24.0,915000.0,22.807184588546,915000.0
225,2012-09-05,24.04,24.23,23.91,24.07,1199600.0,22.873705543596,1199600.0
226,2012-09-06,24.31,24.97,24.3,24.97,689400.0,23.728974965665998,689400.0
227,2012-09-07,25.49,25.51,24.87,25.1,627600.0,23.852513882188,627600.0
228,2012-09-10,24.87,25.0,24.57,24.58,864400.0,23.358358216103,864400.0
229,2012-09-11,24.63,25.47,24.57,25.38,985400.0,24.118597702387,985400.0
230,2012-09-12,25.4,25.47,24.82,25.0,789000.0,23.757483946402,789000.0
231,2012-09-13,25.06,25.45,24.8,25.36,754700.0,24.099591715229998,754700.0
232,2012-09-14,25.38,25.68,25.31,25.57,1722500.0,24.29915458038,1722500.0
233,2012-09-17,25.57,25.59,25.11,25.34,799300.0,24.080585728073,799300.0
234,2012-09-18,25.26,25.71,25.22,25.71,1182400.0,24.43219649048,1182400.0
235,2012-09-19,25.66,26.0,25.58,25.98,1004500.0,24.688777317101003,1004500.0
236,2012-09-20,25.68,25.92,25.25,25.6,1498300.0,24.327663561115997,1498300.0
237,2012-09-21,25.7,25.78,25.36,25.44,1292900.0,24.175615663859,1292900.0
238,2012-09-24,25.3,25.59,25.26,25.5,919800.0,24.23263362533,919800.0
239,2012-09-25,25.55,25.71,25.4,25.41,1661700.0,24.147106683123003,1661700.0
240,2012-09-26,25.44,25.53,24.81,24.98,1355000.0,23.738477959245,1355000.0
241,2012-09-27,25.14,25.5,24.97,25.3,944500.0,24.042573753758997,944500.0
242,2012-09-28,25.17,25.34,24.99,25.15,1537800.0,23.900028850081,1537800.0
243,2012-10-01,25.25,25.5,24.84,25.24,1838000.0,23.985555792287997,1838000.0
244,2012-10-02,25.29,25.49,25.06,25.25,1068500.0,23.995058785865996,1068500.0
245,2012-10-03,25.35,25.35,24.9,25.02,887000.0,23.776489933559,887000.0
246,2012-10-04,25.15,25.28,24.98,25.15,903800.0,23.900028850081,903800.0
247,2012-10-05,25.32,25.49,25.03,25.14,717000.0,23.890525856502,717000.0
248,2012-10-08,25.07,25.14,24.9,25.11,434200.0,23.862016875766002,434200.0
249,2012-10-09,25.12,25.17,24.75,24.79,920100.0,23.557921081251997,920100.0
250,2012-10-10,24.77,24.84,24.47,24.56,717600.0,23.339352228944996,717600.0
251,2012-10-11,24.7,24.78,24.27,24.32,832900.0,23.111280383060002,832900.0
252,2012-10-12,24.59,24.88,24.52,24.61,1001800.0,23.386867196838,1001800.0
253,2012-10-15,24.68,24.83,24.34,24.73,620800.0,23.500903119780997,620800.0
254,2012-10-16,24.83,25.43,24.61,25.37,881300.0,24.109094708809,881300.0
255,2012-10-17,25.26,25.48,25.01,25.08,815000.0,23.833507895030998,815000.0
256,2012-10-18,24.68,24.72,24.13,24.64,1419600.0,23.511356412717,1419600.0
257,2012-10-19,24.59,24.59,23.9,24.22,1757500.0,23.110594655682,1757500.0
258,2012-10-22,24.22,24.32,23.85,24.29,771400.0,23.177388281855002,771400.0
259,2012-10-23,23.99,24.23,23.79,24.2,1365300.0,23.09151076249,1365300.0
260,2012-10-24,24.3,24.3,23.41,23.44,1154600.0,22.366322821188998,1154600.0
261,2012-10-25,23.66,24.03,23.59,23.71,1296100.0,22.623955379283,1296100.0
262,2012-10-26,23.74,24.05,23.52,23.59,1096300.0,22.50945202013,1096300.0
263,2012-10-31,24.11,24.55,23.7,24.26,1763600.0,23.148762442067,1763600.0
264,2012-11-01,24.34,25.49,24.26,25.4,1534900.0,24.236544354019,1534900.0
265,2012-11-02,25.6,26.12,25.38,25.63,1503900.0,24.456009125728002,1503900.0
266,2012-11-05,25.63,26.14,25.61,26.0,1349600.0,24.809061149783002,1349600.0
267,2012-11-06,26.01,26.14,25.87,26.05,1512100.0,24.856770882762998,1512100.0
268,2012-11-07,25.77,25.96,25.29,25.31,1158000.0,24.150666834654004,1158000.0
269,2012-11-08,25.24,25.41,24.91,24.92,1120100.0,23.778530917406997,1120100.0
270,2012-11-09,24.87,25.06,24.68,24.71,1445600.0,23.578150038889998,1445600.0
271,2012-11-12,24.78,24.91,24.38,24.76,966600.0,23.625859771870005,966600.0
272,2012-11-13,24.63,25.0,24.53,24.53,704700.0,23.406395000160998,704700.0
273,2012-11-14,24.54,24.56,23.94,24.05,1002000.0,22.948381563549,1002000.0
274,2012-11-15,24.02,24.34,23.92,24.03,769800.0,22.929297670357,769800.0
275,2012-11-16,24.02,24.22,23.92,24.19,984400.0,23.081968815893998,984400.0
276,2012-11-19,24.49,24.99,24.45,24.84,884000.0,23.702195344639,884000.0
277,2012-11-20,24.82,25.17,24.77,25.12,775300.0,23.969369849329,775300.0
278,2012-11-21,25.05,25.41,25.0,25.34,546100.0,24.179292674442,546100.0
279,2012-11-23,25.39,25.52,25.18,25.52,341100.0,24.351047713172,341100.0
280,2012-11-26,25.42,25.96,25.42,25.86,873000.0,24.675473897438003,873000.0
281,2012-11-27,25.79,25.89,25.47,25.63,633600.0,24.456009125728002,633600.0
282,2012-11-28,25.51,25.97,25.41,25.94,662400.0,24.751809470207,662400.0
283,2012-11-29,26.03,26.18,25.82,26.13,584200.0,24.933106455532,584200.0
284,2012-11-30,26.11,26.31,25.95,26.09,970800.0,24.894938669148,970800.0
285,2012-12-03,26.25,26.31,25.73,25.77,648400.0,24.589596378073,648400.0
286,2012-12-04,25.74,25.91,25.58,25.7,531100.0,24.522802751901,531100.0
287,2012-12-05,25.76,26.23,25.61,26.0,663800.0,24.809061149783002,663800.0
288,2012-12-06,26.0,26.09,25.6,26.09,613300.0,24.894938669148,613300.0
289,2012-12-07,26.23,26.38,26.02,26.38,530100.0,25.171655120433996,530100.0
290,2012-12-10,26.37,26.53,26.22,26.48,638200.0,25.267074586394,638200.0
291,2012-12-11,26.48,26.75,26.36,26.63,777600.0,25.410203785335003,777600.0
292,2012-12-12,26.67,26.99,26.67,26.79,749300.0,25.562874930872997,749300.0
293,2012-12-13,26.8,26.93,26.54,26.69,520800.0,25.467455464912,520800.0
294,2012-12-14,26.68,26.89,26.51,26.76,591700.0,25.534249091084,591700.0
295,2012-12-17,26.79,26.84,26.45,26.55,681500.0,25.333868212567,681500.0
296,2012-12-18,26.63,27.24,26.38,27.2,1044100.0,25.954094741311003,1044100.0
297,2012-12-19,27.25,27.67,27.06,27.57,1007300.0,26.307146765366,1007300.0
298,2012-12-20,27.54,27.64,26.49,26.84,1646100.0,25.610584663853,1646100.0
299,2012-12-21,26.43,26.81,26.22,26.76,2001200.0,25.534249091084,2001200.0
300,2012-12-24,26.79,26.89,26.62,26.87,286800.0,25.639210503641,286800.0
301,2012-12-26,26.92,27.05,26.7,26.78,298600.0,25.553332984276,298600.0
302,2012-12-27,26.76,26.92,26.49,26.85,392300.0,25.620126610449,392300.0
303,2012-12-28,26.6,26.74,26.41,26.43,402400.0,25.219364853414007,402400.0
304,2012-12-31,26.36,27.11,26.34,27.1,536900.0,25.858675275351,536900.0
305,2013-01-02,27.63,27.99,27.42,27.5,927300.0,26.240353139194003,927300.0
306,2013-01-03,27.5,27.79,27.24,27.41,610800.0,26.154475619829,610800.0
307,2013-01-04,27.51,27.64,27.25,27.37,563400.0,26.116307833445,563400.0
308,2013-01-07,27.19,27.32,26.93,27.01,481300.0,25.772797755985998,481300.0
309,2013-01-08,26.93,26.94,26.39,26.68,1084500.0,25.457913518316,1084500.0
310,2013-01-09,26.82,27.14,26.76,27.1,985500.0,25.858675275351,985500.0
311,2013-01-10,27.34,27.55,27.12,27.48,842000.0,26.221269246001,842000.0
312,2013-01-11,27.58,27.6,27.09,27.18,353400.0,25.935010848119006,353400.0
313,2013-01-14,27.09,27.24,26.75,27.21,417400.0,25.963636687906998,417400.0
314,2013-01-15,27.1,27.16,26.73,27.13,734400.0,25.887301115139,734400.0
315,2013-01-16,27.03,27.12,26.65,26.95,431800.0,25.715546076410003,431800.0
316,2013-01-17,27.06,27.47,26.83,27.42,653400.0,26.164017566425,653400.0
317,2013-01-18,27.55,27.55,27.14,27.51,711400.0,26.24989508579,711400.0
318,2013-01-22,27.65,27.68,27.34,27.68,1457900.0,26.412108177923002,1457900.0
319,2013-01-23,27.62,27.92,27.58,27.9,977400.0,26.622031003036,977400.0
320,2013-01-24,27.86,28.26,27.8,27.98,1095100.0,26.698366575805,1095100.0
321,2013-01-25,28.09,28.14,27.56,27.7,831400.0,26.431192071115,831400.0
322,2013-01-28,27.76,28.0,27.55,27.92,874100.0,26.641114896228,874100.0
323,2013-01-29,27.88,28.01,27.81,27.97,1000700.0,26.688824629208998,1000700.0
324,2013-01-30,27.95,28.16,27.9,27.94,811100.0,26.660198789421,811100.0
325,2013-01-31,27.93,28.01,27.89,27.93,922700.0,26.650656842824997,922700.0
326,2013-02-01,28.0,28.31,27.91,28.01,1239100.0,26.726992415593,1239100.0
327,2013-02-04,27.87,27.9,27.5,27.55,914100.0,26.288062872174002,914100.0
328,2013-02-05,27.73,27.99,27.65,27.77,695300.0,26.497985697287003,695300.0
329,2013-02-06,27.61,28.03,27.54,27.85,1350700.0,26.574321270056,1350700.0
330,2013-02-07,28.03,28.03,26.84,26.91,1576400.0,25.677378290025,1576400.0
331,2013-02-08,27.01,27.64,27.01,27.09,1206300.0,25.849133328755002,1206300.0
332,2013-02-11,27.11,27.53,27.02,27.46,875100.0,26.202185352809,875100.0
333,2013-02-12,27.52,28.1,27.48,27.95,905000.0,26.669740736016998,905000.0
334,2013-02-13,28.0,28.37,27.94,28.26,622300.0,26.965541080495,622300.0
335,2013-02-14,28.22,28.62,28.21,28.47,927100.0,27.165921959012,927100.0
336,2013-02-15,28.22,28.47,28.02,28.28,806500.0,27.095311554201,806500.0
337,2013-02-19,28.36,28.85,28.36,28.76,1186200.0,27.555203688078,1186200.0
338,2013-02-20,28.71,28.76,27.93,27.96,765800.0,26.788716798284,765800.0
339,2013-02-21,27.85,28.05,27.52,27.68,1037700.0,26.520446386855998,1037700.0
340,2013-02-22,27.75,27.86,27.6,27.79,483600.0,26.625838334203,483600.0
341,2013-02-25,28.02,28.16,27.02,27.02,1093800.0,25.888094702777,1093800.0
342,2013-02-26,27.14,27.23,26.8,27.0,1204400.0,25.868932530531996,1204400.0
343,2013-02-27,27.0,27.55,26.94,27.47,1019100.0,26.319243578284997,1019100.0
344,2013-02-28,27.53,27.77,27.45,27.5,771500.0,26.347986836653,771500.0
345,2013-03-01,27.32,27.66,26.94,27.49,865600.0,26.33840575053,865600.0
346,2013-03-04,27.39,27.51,27.14,27.49,682900.0,26.33840575053,682900.0
347,2013-03-05,27.68,28.51,27.67,28.45,1210600.0,27.258190018283,1210600.0
348,2013-03-06,28.57,29.43,28.56,29.34,1701300.0,28.110906683178,1701300.0
349,2013-03-07,29.06,29.49,28.32,28.4,2082000.0,27.210284587670003,2082000.0
350,2013-03-08,28.58,28.69,28.2,28.43,1790000.0,27.239027846038,1790000.0
351,2013-03-11,28.47,28.96,28.45,28.76,910400.0,27.555203688078,910400.0
352,2013-03-12,28.7,28.74,28.33,28.53,988600.0,27.334838707262,988600.0
353,2013-03-13,28.52,28.57,28.37,28.47,608500.0,27.277352190527,608500.0
354,2013-03-14,28.57,28.82,28.53,28.71,524100.0,27.507298257465,524100.0
355,2013-03-15,28.59,29.03,28.45,28.96,1381200.0,27.746825410526,1381200.0
356,2013-03-18,28.66,28.98,28.55,28.78,502000.0,27.574365860321997,502000.0
357,2013-03-19,28.85,28.85,28.21,28.44,548400.0,27.24860893216,548400.0
358,2013-03-20,28.63,28.76,28.36,28.51,709300.0,27.315676535016998,709300.0
359,2013-03-21,28.32,28.76,28.27,28.56,1205900.0,27.363581965629,1205900.0
360,2013-03-22,28.69,28.76,28.35,28.44,1154600.0,27.24860893216,1154600.0
361,2013-03-25,28.64,28.64,27.57,27.73,865100.0,26.568351817468,865100.0
362,2013-03-26,27.82,27.97,27.57,27.69,1082400.0,26.530027472979,1082400.0
363,2013-03-27,27.5,27.54,27.28,27.29,1269700.0,26.146784028082,1269700.0
364,2013-03-28,27.37,27.59,27.26,27.56,1392700.0,26.405473353387,1392700.0
365,2013-04-01,27.56,27.65,27.04,27.25,661400.0,26.108459683592,661400.0
366,2013-04-02,27.42,27.66,27.12,27.22,552600.0,26.079716425225,552600.0
367,2013-04-03,27.15,27.33,26.8,27.12,1416400.0,25.983905564001002,1416400.0
368,2013-04-04,27.16,27.72,27.16,27.72,982500.0,26.558770731346,982500.0
369,2013-04-05,27.41,27.65,27.2,27.6,1421700.0,26.443797697877002,1421700.0
370,2013-04-08,27.59,27.85,27.38,27.85,642000.0,26.683324850936998,642000.0
371,2013-04-09,27.85,28.03,27.59,27.96,754000.0,26.788716798284,754000.0
372,2013-04-10,28.05,28.69,28.03,28.69,1110000.0,27.488136085221,1110000.0
373,2013-04-11,28.65,28.86,28.47,28.86,924700.0,27.651014549302,924700.0
374,2013-04-12,28.71,28.76,28.42,28.6,618600.0,27.401906310119,618600.0
375,2013-04-15,28.2,28.36,27.29,27.42,1603800.0,26.271338147673006,1603800.0
376,2013-04-16,27.53,27.69,27.25,27.66,1391500.0,26.501284214611,1391500.0
377,2013-04-17,27.48,27.61,27.02,27.28,1192600.0,26.137202941959,1192600.0
378,2013-04-18,27.37,27.52,26.88,27.04,772800.0,25.907256875020998,772800.0
379,2013-04-19,27.1,27.39,26.93,26.99,789500.0,25.859351444408997,789500.0
380,2013-04-22,26.96,27.11,26.64,26.84,907000.0,25.715635152573,907000.0
381,2013-04-23,26.92,27.43,26.92,27.39,621900.0,26.242594889306,621900.0
382,2013-04-24,27.46,27.97,27.46,27.69,630400.0,26.530027472979,630400.0
383,2013-04-25,27.79,27.95,27.74,27.86,1025000.0,26.692905937059997,1025000.0
384,2013-04-26,27.88,27.88,27.53,27.71,721500.0,26.549189645224,721500.0
385,2013-04-29,27.76,28.29,27.69,28.25,664400.0,27.066568295834,664400.0
386,2013-04-30,27.81,28.1,26.38,27.75,2809700.0,26.587513989713006,2809700.0
387,2013-05-01,27.61,27.7,27.12,27.5,1728700.0,26.347986836653,1728700.0
388,2013-05-02,27.51,27.71,27.41,27.44,1041300.0,26.290500319918,1041300.0
389,2013-05-03,27.74,27.74,27.24,27.36,1387000.0,26.213851630939,1387000.0
390,2013-05-06,27.38,27.66,27.26,27.41,1050600.0,26.261757061551,1050600.0
391,2013-05-07,27.53,27.83,27.46,27.68,1070100.0,26.520446386855998,1070100.0
392,2013-05-08,27.71,28.2,27.64,28.11,1139700.0,26.93243309012,1139700.0
393,2013-05-09,28.12,28.2,27.79,27.88,924000.0,26.712068109305,924000.0
394,2013-05-10,27.96,28.09,27.7,27.8,863900.0,26.635419420324997,863900.0
395,2013-05-13,27.75,27.82,27.35,27.54,1150200.0,26.386311181142002,1150200.0
396,2013-05-14,27.61,28.4,27.59,28.31,1665300.0,27.124054812569,1665300.0
397,2013-05-15,28.19,28.94,28.13,28.6,1695900.0,27.401906310119,1695900.0
398,2013-05-16,28.59,28.95,28.59,28.64,799000.0,27.440230654609,799000.0
399,2013-05-17,28.85,29.09,28.79,28.93,502700.0,27.718082152159,502700.0
400,2013-05-20,28.77,29.15,28.64,28.88,666600.0,27.781317320567002,666600.0
401,2013-05-21,28.9,29.19,28.68,28.7,450100.0,27.608165065799,450100.0
402,2013-05-22,28.68,28.97,28.37,28.51,1412200.0,27.425393241321,1412200.0
403,2013-05-23,28.28,28.45,27.92,28.05,931600.0,26.982893034692,931600.0
404,2013-05-24,27.85,27.96,27.61,27.85,582600.0,26.790501640505,582600.0
405,2013-05-28,28.17,28.39,27.98,28.06,715900.0,26.992512604401004,715900.0
406,2013-05-29,27.9,28.13,27.77,28.05,888000.0,26.982893034692,888000.0
407,2013-05-30,28.13,28.68,28.05,28.55,1034500.0,27.463871520158,1034500.0
408,2013-05-31,28.41,28.7,28.14,28.14,910900.0,27.069469162076,910900.0
409,2013-06-03,28.22,28.39,27.77,28.25,1013600.0,27.175284428878,1013600.0
410,2013-06-04,28.24,28.47,27.73,27.86,479800.0,26.800121210213998,479800.0
411,2013-06-05,27.82,27.86,27.19,27.2,668800.0,26.165229609397997,668800.0
412,2013-06-06,26.5,27.44,26.49,27.3,867900.0,26.261425306491,867900.0
413,2013-06-07,27.48,27.8,27.33,27.55,866300.0,26.501914549225006,866300.0
414,2013-06-10,27.63,27.63,27.3,27.5,625100.0,26.453816700678,625100.0
415,2013-06-11,27.25,27.49,27.11,27.21,654300.0,26.174849179107,654300.0
416,2013-06-12,27.48,27.48,26.96,27.01,834400.0,25.982457784920996,834400.0
417,2013-06-13,26.94,27.39,26.91,27.27,805800.0,26.232566597363,805800.0
418,2013-06-14,27.24,27.51,27.05,27.12,349600.0,26.088273051723,349600.0
419,2013-06-17,27.26,27.54,27.07,27.27,750600.0,26.232566597363,750600.0
420,2013-06-18,27.36,27.67,27.35,27.66,666700.0,26.607729816027003,666700.0
421,2013-06-19,27.65,27.69,27.24,27.25,605400.0,26.213327457945,605400.0
422,2013-06-20,26.99,27.12,26.39,26.41,1268200.0,25.40528360236,1268200.0
423,2013-06-21,26.62,26.7,25.87,26.1,1933200.0,25.107076941371,1933200.0
424,2013-06-24,25.89,26.02,25.56,25.77,1399900.0,24.789631140963007,1399900.0
425,2013-06-25,25.95,26.1,25.81,25.93,1245000.0,24.943544256312,1245000.0
426,2013-06-26,26.07,26.18,25.98,26.08,971200.0,25.087837801952,971200.0
427,2013-06-27,26.23,26.63,26.13,26.63,1213800.0,25.616914135966,1213800.0
428,2013-06-28,26.5,27.04,26.43,26.94,1758900.0,25.915120796954998,1758900.0
429,2013-07-01,27.12,28.5,27.12,27.65,1479900.0,26.598110246318,1479900.0
430,2013-07-02,27.59,27.71,27.39,27.5,1432800.0,26.453816700678,1432800.0
431,2013-07-03,27.39,27.71,27.34,27.63,330300.0,26.578871106898998,330300.0
432,2013-07-05,27.78,28.0,27.65,27.98,570100.0,26.915556046726,570100.0
433,2013-07-08,28.06,28.27,28.01,28.16,759400.0,27.088708301494,759400.0
434,2013-07-09,28.34,29.01,28.3,28.54,1425600.0,27.454251950449,1425600.0
435,2013-07-10,28.54,29.05,28.5,28.97,1069100.0,27.867893447951,1069100.0
436,2013-07-11,29.38,29.79,28.93,29.03,1195100.0,27.925610866207,1195100.0
437,2013-07-12,29.03,29.21,28.92,29.08,671000.0,27.973708714753,671000.0
438,2013-07-15,29.21,29.3,29.06,29.06,903700.0,27.954469575335,903700.0
439,2013-07-16,29.13,29.18,28.56,28.58,901700.0,27.492730229286998,901700.0
440,2013-07-17,28.75,28.82,28.55,28.63,539100.0,27.540828077832998,539100.0
441,2013-07-18,28.76,29.25,28.76,28.93,609600.0,27.829415169113002,609600.0
442,2013-07-19,28.76,28.96,28.64,28.79,602800.0,27.694741193183,602800.0
443,2013-07-22,28.84,29.0,28.68,28.87,560600.0,27.771697750857,560600.0
444,2013-07-23,28.9,28.91,28.65,28.71,897900.0,27.617784635508,897900.0
445,2013-07-24,28.74,28.87,28.52,28.59,546400.0,27.502349798996,546400.0
446,2013-07-25,28.49,28.94,28.49,28.83,826600.0,27.73321947202,826600.0
447,2013-07-26,28.59,28.87,28.49,28.67,632100.0,27.579306356671,632100.0
448,2013-07-29,28.47,28.66,28.42,28.46,659300.0,27.377295392774002,659300.0
449,2013-07-30,26.0,26.68,23.61,25.54,10022400.0,24.568381037648,10022400.0
450,2013-07-31,25.45,25.45,24.79,24.93,6312300.0,23.981587285377998,6312300.0
451,2013-08-01,25.18,25.43,24.91,25.19,5562300.0,24.231696097821,5562300.0
452,2013-08-02,25.09,25.41,25.04,25.27,1796500.0,24.308652655496,1796500.0
453,2013-08-05,25.17,25.4,25.06,25.28,1635900.0,24.318272225205003,1635900.0
454,2013-08-06,25.26,25.48,25.2,25.43,1934500.0,24.462565770845,1934500.0
455,2013-08-07,25.36,25.36,24.82,24.9,2168600.0,23.95272857625,2168600.0
456,2013-08-08,25.08,25.21,24.95,24.98,1776200.0,24.029685133925,1776200.0
457,2013-08-09,24.93,25.06,24.82,24.98,2123200.0,24.029685133925,2123200.0
458,2013-08-12,24.88,25.02,24.72,24.83,1474400.0,23.885391588285,1474400.0
459,2013-08-13,24.95,25.03,24.77,24.97,1580000.0,24.020065564215997,1580000.0
460,2013-08-14,25.0,25.03,24.83,24.99,1350200.0,24.039304703634,1350200.0
461,2013-08-15,24.78,24.96,24.6,24.72,3129200.0,23.779576321482,3129200.0
462,2013-08-16,24.64,24.7,24.29,24.52,1352500.0,23.587184927295,1352500.0
463,2013-08-19,24.57,24.76,24.43,24.62,832900.0,23.683380624389,832900.0
464,2013-08-20,24.6,24.61,24.26,24.3,1491300.0,23.37555439369,1491300.0
465,2013-08-21,24.42,24.53,24.19,24.19,1029200.0,23.269739126887004,1029200.0
466,2013-08-22,24.2,24.48,24.14,24.38,1113400.0,23.452510951365,1113400.0
467,2013-08-23,24.45,24.5,24.27,24.3,1656000.0,23.37555439369,1656000.0
468,2013-08-26,24.35,24.69,24.35,24.58,1059400.0,23.644902345552,1059400.0
469,2013-08-27,24.41,24.48,24.18,24.27,1338000.0,23.346695684562,1338000.0
470,2013-08-28,24.22,24.54,24.22,24.51,840000.0,23.577565357586003,840000.0
471,2013-08-29,24.47,25.01,24.42,24.95,1687900.0,24.000826424797,1687900.0
472,2013-08-30,24.94,24.94,24.68,24.78,1844200.0,23.948880748367,1844200.0
473,2013-09-03,25.03,25.16,24.95,25.08,1935800.0,24.238818771955,1935800.0
474,2013-09-04,25.04,25.65,25.04,25.5,913000.0,24.644732004978,913000.0
475,2013-09-05,25.5,26.01,25.5,25.91,1055800.0,25.040980637215,1055800.0
476,2013-09-06,26.08,26.36,25.78,26.17,1870000.0,25.292260257658,1870000.0
477,2013-09-09,26.23,26.85,26.22,26.78,1924200.0,25.881800905620004,1924200.0
478,2013-09-10,26.89,27.16,26.87,27.07,1922100.0,26.162074328421006,1922100.0
479,2013-09-11,27.01,27.18,27.0,27.11,3056900.0,26.200732731567,3056900.0
480,2013-09-12,27.05,27.09,26.89,26.96,1407500.0,26.055763719773,1407500.0
481,2013-09-13,26.93,26.99,26.84,26.95,2205300.0,26.046099118986,2205300.0
482,2013-09-16,27.26,27.3,27.05,27.16,2203800.0,26.249055735498,2203800.0
483,2013-09-17,27.17,27.3,27.01,27.25,1527000.0,26.336037142574,1527000.0
484,2013-09-18,27.22,27.66,26.71,27.49,2833300.0,26.567987561444998,2833300.0
485,2013-09-19,27.57,28.09,27.34,27.51,2545300.0,26.587316763017,2545300.0
486,2013-09-20,27.66,27.72,27.15,27.17,3528000.0,26.258720336284,3528000.0
487,2013-09-23,27.12,27.28,26.94,27.0,980600.0,26.094422122918,980600.0
488,2013-09-24,27.04,27.47,27.0,27.36,1378800.0,26.442347751223,1378800.0
489,2013-09-25,27.41,27.61,27.38,27.53,1673200.0,26.60664596459,1673200.0
490,2013-09-26,28.02,28.4,28.02,28.23,2730700.0,27.283168019628,2730700.0
491,2013-09-27,28.06,28.15,27.89,27.99,1658800.0,27.051217600758,1658800.0
492,2013-09-30,27.77,27.98,27.71,27.93,1112900.0,26.99322999604,1112900.0
493,2013-10-01,27.96,28.28,27.93,28.24,1110400.0,27.292832620415002,1110400.0
494,2013-10-02,28.03,28.12,27.82,28.12,1601300.0,27.176857410979,1601300.0
495,2013-10-03,28.02,28.12,27.71,27.9,1390600.0,26.964236193681003,1390600.0
496,2013-10-04,27.9,28.27,27.8,28.18,624700.0,27.234845015696997,624700.0
497,2013-10-07,27.97,28.11,27.89,28.0,1045600.0,27.060882201544,1045600.0
498,2013-10-08,28.0,28.08,27.39,27.4,1093400.0,26.481006154368,1093400.0
499,2013-10-09,27.48,27.53,26.99,27.21,1478300.0,26.297378739429004,1478300.0
500,2013-10-10,27.49,27.96,27.46,27.93,728000.0,26.99322999604,728000.0
501,2013-10-11,27.85,28.15,27.7,28.1,943100.0,27.157528209407,943100.0
502,2013-10-14,28.04,28.24,27.96,28.17,1045600.0,27.225180414910998,1045600.0
503,2013-10-15,28.04,28.24,27.88,27.92,1376400.0,26.983565395254,1376400.0
504,2013-10-16,28.02,28.05,27.76,27.92,1117200.0,26.983565395254,1117200.0
505,2013-10-17,27.84,27.91,27.37,27.49,2235100.0,26.567987561444998,2235100.0
506,2013-10-18,27.61,27.85,27.58,27.83,898900.0,26.896583988178,898900.0
507,2013-10-21,27.82,28.35,27.74,28.33,2116000.0,27.491923396612002,2116000.0
508,2013-10-22,28.35,28.43,27.91,28.21,1403900.0,27.375473315158,1403900.0
509,2013-10-23,28.14,28.42,27.99,28.34,983500.0,27.501627570066,983500.0
510,2013-10-24,28.37,28.75,28.3,28.69,781800.0,27.841273640974002,781800.0
511,2013-10-25,28.74,29.02,28.61,28.99,983700.0,28.132398844609,983700.0
512,2013-10-28,28.94,29.12,28.62,28.93,1647800.0,28.074173803881997,1647800.0
513,2013-10-29,33.13,33.8,31.56,32.53,7931900.0,31.567676247504,7931900.0
514,2013-10-30,32.48,33.56,32.33,33.48,3006300.0,32.489572725681,3006300.0
515,2013-10-31,33.45,34.66,33.39,34.5,2501000.0,33.479398418041,2501000.0
516,2013-11-01,34.53,34.64,32.98,33.22,3774800.0,32.237264215864,3774800.0
517,2013-11-04,33.39,34.1,33.27,33.91,1749800.0,32.906852184225,1749800.0
518,2013-11-05,33.75,33.87,33.47,33.75,1612900.0,32.751585408953,1612900.0
519,2013-11-06,33.88,33.93,33.17,33.51,1935000.0,32.518685246044996,1935000.0
520,2013-11-07,33.59,33.69,33.05,33.11,1592000.0,32.130518307865,1592000.0
521,2013-11-08,33.14,34.07,33.12,33.98,1457300.0,32.974781398407,1457300.0
522,2013-11-11,33.98,34.17,33.83,33.96,842600.0,32.955373051498,842600.0
523,2013-11-12,33.82,34.09,33.63,33.94,1118800.0,32.935964704589,1118800.0
524,2013-11-13,33.81,34.34,33.63,34.32,987700.0,33.30472329586,987700.0
525,2013-11-14,34.45,34.59,33.92,34.38,1167100.0,33.362948336587,1167100.0
526,2013-11-15,34.37,34.65,34.22,34.47,795100.0,33.450285897677,795100.0
527,2013-11-18,34.47,34.53,33.84,33.94,999500.0,32.935964704589,999500.0
528,2013-11-19,33.95,34.28,33.95,34.15,1273100.0,33.139752347133005,1273100.0
529,2013-11-20,34.39,34.93,34.06,34.3,1382800.0,33.285314948951005,1382800.0
530,2013-11-21,34.4,34.72,34.24,34.58,1410800.0,33.557031805677,1410800.0
531,2013-11-22,34.56,34.66,34.33,34.58,1158600.0,33.557031805677,1158600.0
532,2013-11-25,34.6,34.88,34.37,34.53,1008900.0,33.508510938404,1008900.0
533,2013-11-26,34.61,34.82,34.37,34.67,822000.0,33.644369366768,822000.0
534,2013-11-27,34.79,34.85,34.54,34.77,368700.0,33.741411101313,368700.0
535,2013-11-29,34.76,34.86,34.53,34.56,563800.0,33.537623458768,563800.0
536,2013-12-02,34.68,34.68,33.85,33.91,1295200.0,32.906852184225,1295200.0
537,2013-12-03,33.85,34.08,33.17,33.58,2468700.0,32.586614460227,2468700.0
538,2013-12-04,33.45,33.73,33.07,33.56,1062500.0,32.567206113318,1062500.0
539,2013-12-05,33.52,33.98,33.43,33.78,1124500.0,32.780697929317,1124500.0
540,2013-12-06,34.08,34.08,33.41,33.51,1535600.0,32.518685246044996,1535600.0
541,2013-12-09,33.64,33.95,33.55,33.63,980400.0,32.635135327499,980400.0
542,2013-12-10,33.53,33.93,33.53,33.54,785500.0,32.547797766409005,785500.0
543,2013-12-11,33.51,33.56,32.89,32.91,938200.0,31.936434838775,938200.0
544,2013-12-12,32.94,33.68,32.79,33.51,1312600.0,32.518685246044996,1312600.0
545,2013-12-13,33.53,33.9,33.51,33.81,1077600.0,32.80981044968,1077600.0
546,2013-12-16,33.87,34.23,33.79,33.89,867300.0,32.887443837316,867300.0
547,2013-12-17,33.85,34.11,33.72,34.1,1044000.0,33.091231479861,1044000.0
548,2013-12-18,34.2,34.74,33.96,34.7,1218900.0,33.673481887131,1218900.0
549,2013-12-19,34.52,34.79,34.07,34.16,1205100.0,33.149456520588004,1205100.0
550,2013-12-20,34.29,34.46,33.95,34.08,1959300.0,33.071823132952,1959300.0
551,2013-12-23,34.31,34.55,34.17,34.19,704900.0,33.178569040951,704900.0
552,2013-12-24,34.23,34.5,34.18,34.33,311200.0,33.314427469314,311200.0
553,2013-12-26,34.51,34.79,34.48,34.69,270800.0,33.663777713677,270800.0
554,2013-12-27,34.69,34.88,34.47,34.55,242700.0,33.527919285313004,242700.0
555,2013-12-30,34.49,34.84,34.44,34.58,561700.0,33.557031805677,561700.0
556,2013-12-31,34.65,34.87,34.59,34.6,558000.0,33.576440152586,558000.0
557,2014-01-02,34.39,34.5,33.99,34.16,765100.0,33.149456520588004,765100.0
558,2014-01-03,34.15,34.85,34.15,34.47,454500.0,33.450285897677,454500.0
559,2014-01-06,34.64,34.89,34.33,34.41,849400.0,33.39206085695,849400.0
560,2014-01-07,34.47,34.84,34.4,34.51,611100.0,33.489102591495,611100.0
561,2014-01-08,34.44,34.63,34.13,34.49,1235000.0,33.469694244586,1235000.0
562,2014-01-09,34.55,34.77,34.37,34.63,760800.0,33.60555267295,760800.0
563,2014-01-10,34.55,35.29,34.55,34.91,955700.0,33.877269529676,955700.0
564,2014-01-13,34.89,35.3,34.83,35.02,1856700.0,33.984015437675,1856700.0
565,2014-01-14,35.04,35.59,34.86,35.58,1716700.0,34.527449151127,1716700.0
566,2014-01-15,35.78,36.44,35.78,36.37,2145200.0,35.294078854032996,2145200.0
567,2014-01-16,36.28,37.01,36.1,36.64,1238300.0,35.556091537305,1238300.0
568,2014-01-17,36.76,37.05,36.43,36.57,868300.0,35.488162323123,868300.0
569,2014-01-21,36.69,36.73,35.67,35.92,1515000.0,34.857391048581,1515000.0
570,2014-01-22,36.27,36.64,36.0,36.49,1207400.0,35.410528935487,1207400.0
571,2014-01-23,36.24,36.32,35.29,35.44,1027100.0,34.391590722764,1027100.0
572,2014-01-24,35.24,35.31,33.64,33.68,1574700.0,32.683656194772,1574700.0
573,2014-01-27,33.71,33.8,33.08,33.39,1654700.0,32.402235164591,1654700.0
574,2014-01-28,33.54,34.01,33.43,33.91,909500.0,32.906852184225,909500.0
575,2014-01-29,33.71,34.32,33.21,33.24,1217300.0,32.256672562773,1217300.0
576,2014-01-30,33.57,33.68,33.33,33.36,1397700.0,32.373122644227,1397700.0
577,2014-01-31,33.0,33.39,32.62,33.36,1939700.0,32.373122644227,1939700.0
578,2014-02-03,33.36,33.52,32.63,32.8,3086600.0,31.829688930775,3086600.0
579,2014-02-04,34.86,36.42,34.42,36.27,3716300.0,35.197037119488,3716300.0
580,2014-02-05,36.31,36.48,35.39,35.52,2203800.0,34.4692241104,2203800.0
581,2014-02-06,35.59,36.65,35.59,36.46,1622500.0,35.381416415124,1622500.0
582,2014-02-07,36.74,37.22,36.66,36.96,1436100.0,35.866625087849,1436100.0
583,2014-02-10,37.0,37.13,36.41,36.88,835900.0,35.788991700212996,835900.0
584,2014-02-11,37.01,37.41,36.85,37.1,1414400.0,36.002483516212,1414400.0
585,2014-02-12,37.25,37.59,37.22,37.4,1110000.0,36.293608719847,1110000.0
586,2014-02-13,37.17,37.84,37.02,37.84,1030000.0,36.720592351846,1030000.0
587,2014-02-14,37.73,38.06,37.71,38.05,881200.0,37.048593414608,881200.0
588,2014-02-18,38.24,38.73,38.07,38.57,1426000.0,37.554907963244,1426000.0
589,2014-02-19,38.53,38.75,37.53,37.62,1100200.0,36.629910230159,1100200.0
590,2014-02-20,37.76,38.79,37.66,38.71,852200.0,37.691223418646004,852200.0
591,2014-02-21,38.8,39.07,38.71,38.86,1321000.0,37.837275692291,1321000.0
592,2014-02-24,38.92,39.79,38.77,39.4,1167700.0,38.363063877413,1167700.0
593,2014-02-25,39.45,39.6,38.66,38.76,919700.0,37.739907509861006,919700.0
594,2014-02-26,38.93,39.44,38.71,39.25,1059500.0,38.217011603768,1059500.0
595,2014-02-27,39.24,39.47,38.93,39.37,573400.0,38.333853422684,573400.0
596,2014-02-28,39.28,39.54,39.06,39.35,866900.0,38.314379786198,866900.0
597,2014-03-03,39.14,39.24,38.34,38.6,1407700.0,37.584118417973,1407700.0
598,2014-03-04,38.98,39.2,38.57,38.79,1493200.0,37.76911796459,1493200.0
599,2014-03-05,38.67,38.93,38.47,38.5,1163100.0,37.486750235543,1163100.0
600,2014-03-06,38.5,38.86,38.26,38.3,1523100.0,37.292013870683,1523100.0
601,2014-03-07,38.55,38.84,38.35,38.64,1323900.0,37.623065690945,1323900.0
602,2014-03-10,38.5,38.58,37.83,38.05,970400.0,37.048593414608,970400.0
603,2014-03-11,38.0,38.39,37.73,37.85,1349700.0,36.853857049748,1349700.0
604,2014-03-12,37.6,37.82,37.25,37.4,930800.0,36.415700228813,930800.0
605,2014-03-13,37.49,37.7,36.56,36.74,1083400.0,35.773070224775,1083400.0
606,2014-03-14,36.65,37.18,36.65,36.79,863000.0,35.821754315990006,863000.0
607,2014-03-17,36.95,37.22,36.64,36.81,953900.0,35.841227952476004,953900.0
608,2014-03-18,36.9,36.93,36.71,36.78,920000.0,35.812017497747,920000.0
609,2014-03-19,36.78,36.87,36.15,36.44,810100.0,35.480965677484996,810100.0
610,2014-03-20,36.29,36.58,35.88,36.34,1077500.0,35.383597495055,1077500.0
611,2014-03-21,36.64,36.76,36.25,36.28,2900600.0,35.325176585597,2900600.0
612,2014-03-24,36.42,36.72,35.7,35.71,1100800.0,34.770177945746,1100800.0
613,2014-03-25,35.97,36.82,35.97,36.62,1431400.0,35.656228405859,1431400.0
614,2014-03-26,36.77,36.95,35.82,35.84,762200.0,34.896756582905,762200.0
615,2014-03-27,35.73,35.95,35.34,35.78,974900.0,34.838335673447,974900.0
616,2014-03-28,35.83,36.31,35.78,36.0,626300.0,35.052545674793,626300.0
617,2014-03-31,36.22,36.51,36.1,36.42,771500.0,35.461492040999,771500.0
618,2014-04-01,36.47,37.25,36.35,37.15,1385500.0,36.172279772738,1385500.0
619,2014-04-02,37.14,37.78,36.95,37.77,1345700.0,36.775962503804,1345700.0
620,2014-04-03,37.8,37.93,37.24,37.27,1576500.0,36.289121591654,1576500.0
621,2014-04-04,37.47,37.88,37.25,37.3,1543700.0,36.318332046383,1543700.0
622,2014-04-07,37.22,37.35,36.05,36.38,1380900.0,35.422544768027,1380900.0
623,2014-04-08,36.23,36.55,35.97,36.04,1469300.0,35.091492947765005,1469300.0
624,2014-04-09,36.21,37.03,35.98,37.01,813100.0,36.035964317336,813100.0
625,2014-04-10,37.02,37.12,35.88,35.91,1586134.0,34.964914310606,1586134.0
626,2014-04-11,36.1,36.29,35.11,35.22,1294154.0,34.293073851839,1294154.0
627,2014-04-14,35.34,35.47,34.77,35.12,1136114.0,34.195705669409,1136114.0
628,2014-04-15,35.14,35.18,34.5,34.89,1389001.0,33.97175884982001,1389001.0
629,2014-04-16,35.14,35.76,34.93,35.49,1106278.0,34.5559679444,1106278.0
630,2014-04-17,35.55,35.73,35.23,35.3,1429367.0,34.370968397782995,1429367.0
631,2014-04-21,35.22,35.59,35.02,35.52,606057.0,34.585178399129,606057.0
632,2014-04-22,35.53,35.94,35.38,35.71,631037.0,34.770177945746,631037.0
633,2014-04-23,35.59,35.9,35.57,35.68,509325.0,34.740967491016995,509325.0
634,2014-04-24,35.79,36.2,35.43,35.8,833882.0,34.857809309932996,833882.0
635,2014-04-25,35.55,35.63,35.02,35.41,927205.0,34.478073398456004,927205.0
636,2014-04-28,35.59,35.73,34.93,35.36,1089259.0,34.429389307241,1089259.0
637,2014-04-29,37.39,37.58,36.08,36.44,1477607.0,35.480965677484996,1477607.0
638,2014-04-30,37.13,37.64,36.63,37.59,1765303.0,36.60069977543,1765303.0
639,2014-05-02,37.1,37.36,36.83,36.86,774035.0,35.889912043691,774035.0
640,2014-05-05,36.58,37.02,36.33,36.77,527254.0,35.802280679504,527254.0
641,2014-05-06,36.71,37.14,36.53,36.93,703991.0,35.958069771392005,703991.0
642,2014-05-07,37.04,37.28,36.69,37.22,641077.0,36.240437500439,641077.0
643,2014-05-08,38.5,38.5,36.93,37.3,702629.0,36.318332046383,702629.0
644,2014-05-09,37.15,37.19,36.75,37.19,432166.0,36.21122704571,432166.0
645,2014-05-12,37.42,38.06,37.31,38.03,713461.0,37.029119778122,713461.0
646,2014-05-13,38.25,38.37,37.87,37.96,785485.0,36.960962050421,785485.0
647,2014-05-14,37.9,38.02,37.53,37.76,648236.0,36.766225685561,648236.0
648,2014-05-15,37.62,37.7,37.04,37.23,663487.0,36.250174318682,663487.0
649,2014-05-16,37.17,37.28,36.65,36.9,937659.0,35.928859316663,937659.0
650,2014-05-19,36.75,37.95,36.61,37.9,939678.0,37.027172414473,939678.0
651,2014-05-20,37.82,37.94,37.1,37.28,1013238.0,36.421450860463,1013238.0
652,2014-05-21,37.36,38.34,37.29,37.82,2067060.0,36.949014794601,2067060.0
653,2014-05-22,37.79,38.21,37.65,37.95,951812.0,37.076020926893,951812.0
654,2014-05-23,37.95,38.65,37.76,38.42,1271130.0,37.535196943643,1271130.0
655,2014-05-27,38.51,38.91,38.43,38.54,549945.0,37.652433373451,549945.0
656,2014-05-28,38.51,38.63,38.14,38.16,740146.0,37.281184679058,740146.0
657,2014-05-29,38.16,38.18,36.5,36.75,2805474.0,35.90365662881,2805474.0
658,2014-05-30,36.73,37.34,36.72,37.3,1665355.0,36.440990265431,1665355.0
659,2014-06-02,37.39,37.655,37.06,37.53,1150876.0,36.665693422564004,1150876.0
660,2014-06-03,37.34,37.43,37.2,37.23,1267622.0,36.372602348042996,1267622.0
661,2014-06-04,37.3,37.31,36.83,36.88,913354.0,36.030662761102,913354.0
662,2014-06-05,37.06,37.49,36.89,37.37,1180385.0,36.50937818282,1180385.0
663,2014-06-06,37.29,37.8,36.96,37.75,1425909.0,36.880626877213004,1425909.0
664,2014-06-09,37.67,38.5,37.57,38.11,1026198.0,37.232336166638,1026198.0
665,2014-06-10,38.02,38.27,37.74,38.13,811040.0,37.251875571606,811040.0
666,2014-06-11,37.86,37.98,37.52,37.96,758432.0,37.085790629377,758432.0
667,2014-06-12,37.87,38.04,37.46,37.77,2328629.0,36.900166282181,2328629.0
668,2014-06-13,37.84,38.65,37.73,38.6,1300480.0,37.711051588355,1300480.0
669,2014-06-16,38.57,38.74,38.33,38.47,869052.0,37.584045456063,869052.0
670,2014-06-17,38.28,38.73,38.13,38.58,677911.0,37.691512183387,677911.0
671,2014-06-18,38.7,39.08,38.25,38.92,886425.0,38.023682067844,886425.0
672,2014-06-19,38.86,39.47,38.59,39.34,994742.0,38.434009572173,994742.0
673,2014-06-20,39.42,39.84,39.03,39.67,1567582.0,38.756409754146,1567582.0
674,2014-06-23,39.72,39.96,39.43,39.78,1028409.0,38.863876481471,1028409.0
675,2014-06-24,39.76,40.0,39.14,39.23,907909.0,38.326542844849,907909.0
676,2014-06-25,39.15,39.44,39.07,39.37,809172.0,38.463318679626,809172.0
677,2014-06-26,38.6,39.5,38.6,39.13,758991.0,38.228845820009,758991.0
678,2014-06-27,39.12,39.32,38.97,39.25,1586031.0,38.346082249817,1586031.0
679,2014-06-30,39.18,39.31,38.92,39.08,845858.0,38.179997307589005,845858.0
680,2014-07-01,39.34,39.43,39.08,39.13,643468.0,38.228845820009,643468.0
681,2014-07-02,39.01,39.23,38.45,38.65,758487.0,37.759900100775,758487.0
682,2014-07-03,38.76,39.16,38.77,39.02,433157.0,38.121379092685,433157.0
683,2014-07-07,38.74,38.83,37.84,38.0,1026767.0,37.124869439313,1026767.0
684,2014-07-08,37.98,37.87,37.11,37.36,1298822.0,36.499608480336,1298822.0
685,2014-07-09,37.44,37.63,37.275,37.54,690070.0,36.675463125048,690070.0
686,2014-07-10,36.86,37.53,36.7,37.24,722835.0,36.382372050527,722835.0
687,2014-07-11,37.25,37.33,36.77,37.1,1030003.0,36.245596215751,1030003.0
688,2014-07-14,37.37,37.6,37.11,37.52,955545.0,36.65592372008,955545.0
689,2014-07-15,37.41,37.75,36.92,37.23,1078191.0,36.372602348042996,1078191.0
690,2014-07-16,37.27,37.61,37.01,37.59,723909.0,36.724311637468,723909.0
691,2014-07-17,37.25,37.27,36.68,36.73,783964.0,35.884117223842004,783964.0
692,2014-07-18,36.65,37.49,36.59,37.45,587223.0,36.587535802691995,587223.0
693,2014-07-21,37.34,37.83,37.26,37.65,622045.0,36.782929852372,622045.0
694,2014-07-22,37.85,38.04,37.56,37.6,547586.0,36.734081339952,547586.0
695,2014-07-23,37.65,37.746,37.21,37.33,526295.0,36.470299372883,526295.0
696,2014-07-24,37.47,37.52,37.08,37.21,589100.0,36.353062943074995,589100.0
697,2014-07-25,36.97,37.02,36.695,36.84,1493429.0,35.991583951166,1493429.0
698,2014-07-28,36.855,36.855,36.34,36.46,1553124.0,35.620335256773,1553124.0
699,2014-07-29,37.38,38.8675,37.19,37.2,2247789.0,36.343293240591,2247789.0
700,2014-07-30,37.44,37.51,36.42,36.43,1652277.0,35.591026149320996,1652277.0
701,2014-07-31,36.13,36.49,35.26,35.29,1194062.0,34.477280066141,1194062.0
702,2014-08-01,35.05,35.23,34.86,34.98,1626632.0,34.174419289136,1626632.0
703,2014-08-04,34.96,35.41,34.77,35.3,1159820.0,34.487049768625,1159820.0
704,2014-08-05,35.16,35.92,35.11,35.63,1246661.0,34.809449950598,1246661.0
705,2014-08-06,35.53,35.92,35.25,35.64,1061286.0,34.819219653082,1061286.0
706,2014-08-07,35.9,36.23,35.65,36.04,1650028.0,35.210007752444,1650028.0
707,2014-08-08,35.9,36.17,35.79,36.06,1028455.0,35.229547157412,1028455.0
708,2014-08-11,36.24,36.73,36.24,36.56,708963.0,35.718032281613,708963.0
709,2014-08-12,36.52,37.07,36.44,36.51,753156.0,35.669183769193,753156.0
710,2014-08-13,36.56,36.79,36.44,36.74,552304.0,35.893886926326,552304.0
711,2014-08-14,36.72,36.88,36.565,36.69,342585.0,35.845038413906,342585.0
712,2014-08-15,36.89,37.05,36.475,36.72,680849.0,35.874347521358,680849.0
713,2014-08-18,37.01,37.41,36.98,37.4,539238.0,36.538687290272,539238.0
714,2014-08-19,37.43,37.6,37.38,37.51,575767.0,36.646154017596004,575767.0
715,2014-08-20,37.49,38.13,37.46,38.01,898911.0,37.134639141796995,898911.0
716,2014-08-21,37.89,38.06,37.69,37.78,432085.0,36.909935984665,432085.0
717,2014-08-22,37.61,37.73,37.36,37.4,578654.0,36.538687290272,578654.0
718,2014-08-25,37.52,37.88,37.43,37.82,402715.0,36.949014794601,402715.0
719,2014-08-26,37.9,38.04,37.64,37.65,308262.0,36.782929852372,308262.0
720,2014-08-27,37.53,37.65,37.25,37.43,323904.0,36.567996397724,323904.0
721,2014-08-28,37.33,37.4,37.15,37.26,547049.0,36.401911455495,547049.0
722,2014-08-29,37.4,37.48,36.95,37.26,395122.0,36.401911455495,395122.0
723,2014-09-02,37.47,38.1,37.38,38.06,929805.0,37.183487654218,929805.0
724,2014-09-03,38.21,38.26,37.74,37.85,748314.0,36.978323902053,748314.0
725,2014-09-04,37.92,38.34,37.79,37.88,1064926.0,37.007633009505,1064926.0
726,2014-09-05,37.62,37.82,37.36,37.78,460333.0,36.909935984665,460333.0
727,2014-09-08,37.57,37.73,37.44,37.67,710268.0,36.927521449136,710268.0
728,2014-09-09,37.59,37.72,37.28,37.37,488161.0,36.63343447184,488161.0
729,2014-09-10,37.37,37.41,36.96,37.32,314521.0,36.584419975624,314521.0
730,2014-09-11,37.12,37.55,37.12,37.41,495908.0,36.672646068813,495908.0
731,2014-09-12,37.42,37.5,37.02,37.15,414109.0,36.41777068849,414109.0
732,2014-09-15,37.06,37.33,37.04,37.18,403504.0,36.447179386219,403504.0
733,2014-09-16,37.07,37.65,37.04,37.51,597158.0,36.770675061245,597158.0
734,2014-09-17,37.07,37.76,37.23,37.4,479044.0,36.66284316957,479044.0
735,2014-09-18,37.53,37.84,37.32,37.77,668328.0,37.025550441568,668328.0
736,2014-09-19,37.72,37.945,37.48,37.77,1480514.0,37.025550441568,1480514.0
737,2014-09-22,37.62,37.71,37.13,37.33,623431.0,36.594222874867,623431.0
738,2014-09-23,37.06,37.665,36.95,37.39,882603.0,36.653040270326,882603.0
739,2014-09-24,37.26,37.5207,37.05,37.38,1036034.0,36.643237371083,1036034.0
740,2014-09-25,37.12,37.18,36.48,36.51,1058957.0,35.790385136925,1058957.0
741,2014-09-26,36.49,36.69,36.27,36.6,422960.0,35.878611230114004,422960.0
742,2014-09-29,36.1,36.35,36.06,36.25,573744.0,35.535509756602,573744.0
743,2014-09-30,36.2,36.23,35.38,35.49,1093439.0,34.790489414118,1093439.0
744,2014-10-01,35.37,35.53,34.68,34.86,995984.0,34.172906761797,995984.0
745,2014-10-02,34.66,35.05,34.19,35.01,1026849.0,34.319950250445,1026849.0
746,2014-10-03,35.12,35.3,34.92,35.07,1222236.0,34.37876764590401,1222236.0
747,2014-10-06,35.23,35.63,35.07,35.58,1036871.0,34.878715507307,1036871.0
748,2014-10-07,35.16,35.28,34.14,34.15,1199033.0,33.47690091553,1199033.0
749,2014-10-08,34.15,34.66,33.68,34.63,1069686.0,33.947440079203,1069686.0
750,2014-10-09,34.52,34.58,33.32,33.38,663353.0,32.722077673803,663353.0
751,2014-10-10,33.35,33.39,32.5,32.5,1116279.0,31.859422540401006,1116279.0
752,2014-10-13,32.57,32.82,31.88,31.91,1163816.0,31.281051485053002,1163816.0
753,2014-10-14,32.36,33.26,32.32,32.7,1373791.0,32.055480525265004,1373791.0
754,2014-10-15,32.2,33.7,31.8,33.3,2074078.0,32.643654479857,2074078.0
755,2014-10-16,32.53,34.29,32.47,34.04,1909852.0,33.369069023853996,1909852.0
756,2014-10-17,34.4,34.66,33.81,34.21,1402083.0,33.535718310989,1402083.0
757,2014-10-20,34.01,34.29,33.5527,33.71,1384162.0,33.045573348829,1384162.0
758,2014-10-21,33.99,34.65,33.87,34.51,1314137.0,33.829805288284994,1314137.0
759,2014-10-22,34.58,34.71,34.01,34.06,919406.0,33.388674822340995,919406.0
760,2014-10-23,34.54,35.3,34.394,35.05,944253.0,34.359161847418,944253.0
761,2014-10-24,34.98,35.35,34.76,35.34,787048.0,34.64344592547,787048.0
762,2014-10-27,35.24,35.255,34.61,35.02,1397416.0,34.455230260001,1397416.0
763,2014-10-28,35.52,36.5,34.64,36.48,1856758.0,35.891684748281996,1856758.0
764,2014-10-29,36.35,36.74,35.55,35.71,904112.0,35.134102586654,904112.0
765,2014-10-30,35.49,36.05,35.07,35.81,658214.0,35.232489880372,658214.0
766,2014-10-31,36.45,36.595,36.03,36.36,1160317.0,35.773619995820006,1160317.0
767,2014-11-03,36.34,36.43,35.87,36.04,780411.0,35.458780655923,780411.0
768,2014-11-04,35.92,36.2,35.79,35.94,693460.0,35.360393362205,693460.0
769,2014-11-06,36.38,37.12,36.26,37.11,1215775.0,36.511524698705,1215775.0
770,2014-11-07,36.93,37.25,36.82,37.04,668938.0,36.442653593102,668938.0
771,2014-11-10,37.13,37.36,37.0,37.28,625778.0,36.678783098025,625778.0
772,2014-11-11,37.24,37.37,37.04,37.35,534598.0,36.747654203627,534598.0
773,2014-11-12,37.23,37.56,37.08,37.55,762540.0,36.944428791063,762540.0
774,2014-11-13,37.44,37.63,37.21,37.45,1109118.0,36.846041497345,1109118.0
775,2014-11-14,37.38,37.63,37.1,37.62,1101451.0,37.013299896666005,1101451.0
776,2014-11-17,37.6,37.86,37.46,37.73,700862.0,37.121525919755,700862.0
777,2014-11-18,37.63,38.49,37.55,38.21,907332.0,37.593784929601,907332.0
778,2014-11-19,37.97,38.11,37.14,37.34,856645.0,36.737815474256,856645.0
779,2014-11-20,37.09,37.54,36.99,37.46,610697.0,36.855880226717,610697.0
780,2014-11-21,37.95,38.5,37.73,38.25,1030635.0,37.633139847087996,1030635.0
781,2014-11-24,38.29,38.57,38.24,38.4,643336.0,37.780720787665,643336.0
782,2014-11-25,38.45,38.59,38.085,38.39,772666.0,37.770882058293,772666.0
783,2014-11-26,38.44,38.56,38.07,38.54,550887.0,37.91846299887,550887.0
784,2014-11-28,38.46,38.69,38.19,38.34,676375.0,37.721688411434,676375.0
785,2014-12-01,38.18,38.47,37.84,38.44,848082.0,37.820075705152,848082.0
786,2014-12-02,38.47,38.76,37.97,38.02,958559.0,37.406849071536996,958559.0
787,2014-12-04,38.76,38.81,38.32,38.57,442524.0,37.947979186986,442524.0
788,2014-12-05,38.67,38.8,38.46,38.59,392184.0,37.967656645729,392184.0
789,2014-12-09,37.39,38.18,37.39,38.12,615233.0,37.505236365255,615233.0
790,2014-12-10,37.82,38.02,36.77,36.84,779295.0,36.245879005666,779295.0
791,2014-12-15,36.55,36.73,36.01,36.24,721018.0,35.655555243359,721018.0
792,2014-12-16,36.1,37.045,36.07,36.27,708620.0,35.685071431474,708620.0
793,2014-12-17,36.31,37.0,35.69,36.91,1240603.0,36.314750111269,1240603.0
794,2014-12-18,37.58,38.1,37.23,38.1,688119.0,37.485558906512,688119.0
795,2014-12-19,38.16,38.7,38.06,38.59,1558345.0,37.967656645729,1558345.0
796,2014-12-22,38.92,38.99,38.47,38.74,467021.0,38.115237586306,467021.0
797,2014-12-23,38.93,39.23,38.66,38.72,645004.0,38.095560127561996,645004.0
798,2014-12-24,38.93,39.0672,38.74,38.76,303489.0,38.13491504505,303489.0
799,2014-12-26,39.04,39.15,38.88,38.95,249410.0,38.321850903114,249410.0
800,2014-12-30,38.91,38.91,38.42,38.43,437580.0,37.810236975781,437580.0
801,2014-12-31,38.62,38.65,38.04,38.07,465102.0,37.456042718396,465102.0
802,2015-01-02,38.47,38.59,37.5,38.08,604422.0,37.465881447768,604422.0
803,2015-01-05,37.26,37.42,35.665,35.71,1367541.0,35.134102586654,1367541.0
804,2015-01-06,35.65,35.92,35.11,35.5,1331769.0,34.927489269847,1331769.0
805,2015-01-08,35.96,36.09,35.68,36.05,820303.0,35.468619385295,820303.0
806,2015-01-12,35.34,35.39,34.38,34.6,1431985.0,34.042003626386,1431985.0
807,2015-01-13,34.85,35.18,34.15,34.68,1137430.0,34.12071346136,1137430.0
808,2015-01-14,34.03,34.66,33.93,34.46,637337.0,33.904261415181,637337.0
809,2015-01-15,34.65,34.9,34.2,34.22,972024.0,33.668131910258005,972024.0
810,2015-01-20,34.63,34.72,34.04,34.4,969170.0,33.84522903895,969170.0
811,2015-01-21,34.3,35.14,34.25,35.1,917878.0,34.533940094975,917878.0
812,2015-01-22,35.32,35.54,34.96,35.33,874419.0,34.760230870526,874419.0
813,2015-01-23,35.2,35.52,35.17,35.17,597385.0,34.602811200577996,597385.0
814,2015-01-26,35.12,35.25,34.83,35.19,691225.0,34.622488659321,691225.0
815,2015-01-28,34.95,35.25199999999999,34.17,34.26,801410.0,33.707486827745,801410.0
816,2015-01-29,34.23,34.3686,33.54,34.16,1956587.0,33.609099534027,1956587.0
817,2015-01-30,33.92,34.4,33.91,34.1,1632348.0,33.550067157796,1632348.0
818,2015-02-02,34.13,34.81,33.81,34.74,1548787.0,34.179745837591,1548787.0
819,2015-02-03,35.0,35.48,34.86,35.39,1195411.0,34.819263246757004,1195411.0
820,2015-02-04,35.18,35.37,34.71,34.89,1372185.0,34.327326778168,1372185.0
821,2015-02-05,34.88,35.39,34.41,34.86,2360494.0,34.297810590052,2360494.0
822,2015-02-06,34.87,35.4,34.75,35.19,1980694.0,34.622488659321,1980694.0
823,2015-02-09,35.25,35.67,34.95,35.11,1807765.0,34.543778824347,1807765.0
824,2015-02-10,35.28,35.44,35.01,35.39,1238347.0,34.819263246757004,1238347.0
825,2015-02-11,35.29,35.39,35.02,35.25,726900.0,34.681521035552,726900.0
826,2015-02-12,35.5,35.67,35.16,35.61,849841.0,35.035715292936004,849841.0
827,2015-02-13,35.39,36.105,35.39,36.06,1053890.0,35.617184198809,1053890.0
828,2015-02-17,35.96,36.03,35.53,35.88,835008.0,35.439394593822996,835008.0
829,2015-02-18,35.93,36.1,35.69,35.83,609017.0,35.390008592438,609017.0
830,2015-02-20,35.6,36.17,35.37,36.03,769204.0,35.58755259797801,769204.0
831,2015-02-23,36.0,36.12,35.57,35.81,934385.0,35.370254191884,934385.0
832,2015-02-24,35.74,36.03,35.7,35.96,730676.0,35.518412196039,730676.0
833,2015-02-25,35.9,36.275,35.9,36.04,788470.0,35.597429798255,788470.0
834,2015-02-26,36.06,36.06,35.64,35.77,906690.0,35.330745390776,906690.0
835,2015-02-27,35.71,35.95,35.581,35.7,663238.0,35.261604988838,663238.0
836,2015-03-02,35.66,36.25,35.54,36.17,823350.0,35.725833401856,823350.0
837,2015-03-03,36.03,36.38,35.94,36.1,816748.0,35.656692999917,816748.0
838,2015-03-04,35.9,35.9,35.52,35.69,968641.0,35.251727788561,968641.0
839,2015-03-05,35.69,35.9,35.44,35.58,871779.0,35.143078585514004,871779.0
840,2015-03-06,35.31,35.58,35.055,35.17,1722125.0,34.738113374157,1722125.0
841,2015-03-09,35.23,35.47,35.12,35.25,849580.0,34.817130976373,849580.0
842,2015-03-10,34.81,34.9,34.58,34.7,1161861.0,34.273884961139004,1161861.0
843,2015-03-11,34.72,34.72,34.19,34.58,959631.0,34.155358557815,959631.0
844,2015-03-12,34.67,35.265,34.62,35.17,807603.0,34.738113374157,807603.0
845,2015-03-13,35.16,35.19,34.405,34.61,1422047.0,34.184990158646,1422047.0
846,2015-03-16,34.78,35.04,34.59,35.03,753233.0,34.59983257028,753233.0
847,2015-03-17,34.95,34.95,34.51,34.67,683399.0,34.244253360308,683399.0
848,2015-03-18,34.56,36.0,34.36,35.87,1207931.0,35.429517393546,1207931.0
849,2015-03-19,35.74,35.76,35.3508,35.54,873443.0,35.103569784406,873443.0
850,2015-03-20,35.84,36.04,35.77,35.99,1397719.0,35.548043796870004,1397719.0
851,2015-03-23,35.27,35.6,35.1,35.1,1405301.0,34.668972972218,1405301.0
852,2015-03-24,35.06,35.26,34.89,35.07,953757.0,34.639341371388,953757.0
853,2015-03-25,35.22,35.22,34.74,34.74,772171.0,34.313393762247,772171.0
854,2015-03-26,34.54,34.8,34.46,34.67,674331.0,34.244253360308,674331.0
855,2015-03-27,34.61,35.08,34.54,34.97,1070339.0,34.540569368618,1070339.0
856,2015-03-30,35.03,35.41,35.03,35.35,695652.0,34.915902979143,695652.0
857,2015-03-31,35.25,35.25,34.73,35.02,789312.0,34.589955370003,789312.0
858,2015-04-01,35.48,35.625,34.95,35.41,1056130.0,34.975166180805005,1056130.0
859,2015-04-02,35.43,36.01,35.31,35.79,870104.0,35.35049979133,870104.0
860,2015-04-06,35.48,36.3,35.48,36.07,779116.0,35.627061399085996,779116.0
861,2015-04-07,36.02,36.21,35.88,36.07,916131.0,35.627061399085996,916131.0
862,2015-04-08,35.96,36.12,35.01,35.25,1640899.0,34.817130976373,1640899.0
863,2015-04-09,35.14,35.23,34.8,34.96,1400801.0,34.530692168341,1400801.0
864,2015-04-10,35.11,35.31,34.98,35.2,1461879.0,34.767744974988,1461879.0
865,2015-04-13,35.09,35.42,35.08,35.16,654907.0,34.72823617388,654907.0
866,2015-04-14,35.07,35.36,35.02,35.2,779089.0,34.767744974988,779089.0
867,2015-04-15,35.32,35.72,35.265,35.49,1276212.0,35.054183783021,1276212.0
868,2015-04-16,35.4,36.03,35.25,35.83,911688.0,35.390008592438,911688.0
869,2015-04-17,35.51,35.51,34.96,35.14,1141231.0,34.708481773326,1141231.0
870,2015-04-20,35.36,35.57,35.26,35.46,659746.0,35.02455218219,659746.0
871,2015-04-21,35.52,35.68,35.09,35.36,519126.0,34.92578017942,519126.0
872,2015-04-22,35.4,35.47,35.09,35.46,513093.0,35.02455218219,513093.0
873,2015-04-23,35.49,36.19,35.37,35.9,815993.0,35.459148994376996,815993.0
874,2015-04-24,35.88,35.9723,35.4,35.63,663466.0,35.192464586899,663466.0
875,2015-04-27,35.73,36.31,35.7,36.3,795986.0,35.854237005457,795986.0
876,2015-04-28,36.13,36.38,35.92,36.37,907494.0,35.923377407396,907494.0
877,2015-04-29,36.16,36.765,36.15,36.63,1706120.0,36.180184614597,1706120.0
878,2015-04-30,36.65,37.48,36.125,37.02,1908975.0,36.5653954254,1908975.0
879,2015-05-01,37.29,37.324,36.23,37.14,1642885.0,36.683921828723,1642885.0
880,2015-05-04,37.16,37.25,36.73,36.9,920180.0,36.446869022076,920180.0
881,2015-05-05,36.99,37.48,36.57,36.64,946925.0,36.190061814874,946925.0
882,2015-05-06,36.77,36.898,36.27,36.53,775071.0,36.081412611827,775071.0
883,2015-05-07,36.52,36.705,36.2399,36.69,636432.0,36.239447816258995,636432.0
884,2015-05-08,37.11,37.16,36.85,36.9,1238605.0,36.446869022076,1238605.0
885,2015-05-11,36.85,37.12,36.74,36.81,976064.0,36.357974219583,976064.0
886,2015-05-12,36.55,36.73,36.26,36.49,821724.0,36.041903810719,821724.0
887,2015-05-13,36.66,36.97,36.65,36.79,941031.0,36.338219819029,941031.0
888,2015-05-14,36.96,37.1,36.78,37.09,834898.0,36.634535827339,834898.0
889,2015-05-15,37.08,37.15,36.68,36.83,917562.0,36.377728620137,917562.0
890,2015-05-18,36.83,37.05,36.7475,37.01,618185.0,36.555518225123,618185.0
891,2015-05-19,37.05,37.14,36.67,36.78,630574.0,36.328342618751996,630574.0
892,2015-05-20,36.78,36.95,36.64,36.81,533073.0,36.357974219583,533073.0
893,2015-05-21,36.75,37.2,36.72,37.14,1342965.0,36.683921828723,1342965.0
894,2015-05-22,37.12,37.15,36.8,36.99,575926.0,36.535763824569,575926.0
895,2015-05-26,36.78,36.85,36.27,36.34,481983.0,35.893745806565,481983.0
896,2015-05-27,36.41,36.57,36.19,36.5,587367.0,36.051781010995995,587367.0
897,2015-05-28,36.36,36.805,36.16,36.7,1086894.0,36.249325016536005,1086894.0
898,2015-05-29,36.7,36.87,36.42,36.57,1270871.0,36.120921412935,1270871.0
899,2015-06-01,36.73,36.76,36.31,36.6,761955.0,36.150553013766,761955.0
900,2015-06-02,36.52,37.07,36.4315,36.69,1008527.0,36.239447816258995,1008527.0
901,2015-06-03,36.69,37.04,36.57,36.96,455128.0,36.506132223738,455128.0
902,2015-06-04,36.75,36.75,36.315,36.42,610724.0,35.972763408781,610724.0
903,2015-06-05,36.21,36.41,36.075,36.38,723947.0,35.933254607673,723947.0
904,2015-06-08,36.36,36.51,36.07,36.14,447807.0,35.696201801025,447807.0
905,2015-06-09,36.21,36.39,36.04,36.1,292677.0,35.656692999917,292677.0
906,2015-06-10,36.31,36.635,36.23,36.52,648381.0,36.07153541155,648381.0
907,2015-06-11,36.55,36.985,36.435,36.91,725512.0,36.456746222353,725512.0
908,2015-06-12,36.81,36.9,36.43,36.54,443663.0,36.091289812104,443663.0
909,2015-06-15,36.36,36.43,36.05,36.12,564224.0,35.676447400471,564224.0
910,2015-06-16,36.24,36.56,36.0,36.45,749952.0,36.002395009611,749952.0
911,2015-06-17,36.58,36.84,36.23,36.38,814484.0,35.933254607673,814484.0
912,2015-06-18,36.51,37.12,36.39,36.9,841100.0,36.446869022076,841100.0
913,2015-06-19,36.83,36.83,36.4,36.44,1281150.0,35.992517809335,1281150.0
914,2015-06-22,36.95,37.07,36.57,37.0,980388.0,36.545641024846,980388.0
915,2015-06-23,36.97,37.7,36.96,37.3,1732493.0,36.841957033155,1732493.0
916,2015-06-24,37.2,37.34,37.065,37.25,1059369.0,36.79257103177,1059369.0
917,2015-06-25,37.24,37.34,36.89,36.96,863079.0,36.506132223738,863079.0
918,2015-06-26,37.03,37.18,36.88,36.92,759244.0,36.46662342263,759244.0
919,2015-06-29,36.7,36.75,36.25,36.26,986163.0,35.814728204348995,986163.0
920,2015-06-30,36.77,37.35,36.531,37.12,1779309.0,36.664167428168994,1779309.0
921,2015-07-01,37.32,37.32,36.69,36.81,1183272.0,36.357974219583,1183272.0
922,2015-07-02,36.89,37.01,36.52,36.73,696260.0,36.278956617367,696260.0
923,2015-07-06,36.33,36.49,36.04,36.25,938088.0,35.804851004072,938088.0
924,2015-07-07,36.24,36.41,35.62,36.38,861384.0,35.933254607673,861384.0
925,2015-07-08,36.1,36.27,35.46,35.57,655090.0,35.133201385237,655090.0
926,2015-07-09,36.01,36.25,35.54,35.54,668553.0,35.103569784406,668553.0
927,2015-07-10,35.91,35.95,35.35,35.39,1670303.0,34.955411780251005,1670303.0
928,2015-07-14,36.04,36.71,35.75,36.49,1898978.0,36.041903810719,1898978.0
929,2015-07-15,36.46,36.58,35.9,35.95,611432.0,35.508534995762,611432.0
930,2015-07-16,36.22,36.3773,36.3773,36.02,557590.0,35.577675397701,557590.0
931,2015-07-17,35.92,36.03,35.69,35.81,511158.0,35.370254191884,511158.0
932,2015-07-20,35.82,35.933,35.71,35.77,545817.0,35.330745390776,545817.0
933,2015-07-21,35.7,35.71,35.09,35.19,934207.0,34.757867774711,934207.0
934,2015-07-22,35.0,35.2,34.86,34.98,958964.0,34.550446568895005,958964.0
935,2015-07-23,34.97,35.13,34.57,34.67,1110323.0,34.244253360308,1110323.0
936,2015-07-24,34.61,34.68,34.49,34.63,1119374.0,34.2047445592,1119374.0
937,2015-07-27,34.32,34.49,34.2501,34.4,1366584.0,33.977568952828996,1366584.0
938,2015-07-28,34.56,34.94,34.5,34.78,1398089.0,34.352902563354995,1398089.0
939,2015-07-29,34.76,35.32,34.635,35.23,884748.0,34.797376575819,884748.0
940,2015-07-30,34.91,35.66,34.73,35.22,1029252.0,34.787499375542005,1029252.0
941,2015-07-31,35.26,35.46,34.335,34.53,1139698.0,34.10597255643,1139698.0
942,2015-08-03,34.5,34.5,33.6,33.85,1104483.0,33.434322937595,1104483.0
943,2015-08-04,33.88,34.18,33.66,33.74,1041902.0,33.325673734548005,1041902.0
944,2015-08-05,33.98,34.3,33.65,33.89,1276707.0,33.473831738703,1276707.0
945,2015-08-06,33.95,34.13,33.57,33.68,1507800.0,33.266410532887,1507800.0
946,2015-08-07,33.64,33.86,33.375,33.5,887685.0,33.088620927901,887685.0
947,2015-08-10,33.82,34.16,33.72,34.09,1165594.0,33.671375744243,1165594.0
948,2015-08-11,33.72,33.82,33.48,33.58,1081417.0,33.167638530117,1081417.0
949,2015-08-12,33.32,33.74,33.18,33.66,975795.0,33.246656132333,975795.0
950,2015-08-13,33.62,33.72,33.42,33.49,1363044.0,33.078743727624,1363044.0
951,2015-08-14,33.62,33.765,33.28,33.7,1194885.0,33.286164933441,1194885.0
952,2015-08-17,33.55,33.79,33.33,33.77,1057543.0,33.355305335379,1057543.0
953,2015-08-18,33.78,33.8,33.38,33.41,995737.0,32.999726125408,995737.0
954,2015-08-19,33.23,33.36,32.93,33.15,692594.0,32.742918918206,692594.0
955,2015-08-20,32.84,33.12,32.65,32.66,1047029.0,32.258936104633996,1047029.0
956,2015-08-21,32.48,32.58,32.05,32.07,1533331.0,31.676181288291996,1533331.0
957,2015-08-24,30.49,31.92,29.9,31.11,1806067.0,30.727970061701,1806067.0
958,2015-08-25,31.93,31.98,30.43,30.46,2218547.0,30.085952043697,2218547.0
959,2015-08-26,31.0,31.44,30.78,31.38,2430396.0,30.99465446918,2430396.0
960,2015-08-27,31.94,32.4,31.61,32.37,1690574.0,31.972497296601,1690574.0
961,2015-08-28,32.29,32.79,32.16,32.7,1873953.0,32.298444905742,1873953.0
962,2015-08-31,32.36,32.68,32.05,32.45,1032761.0,32.190783422723,1032761.0
963,2015-09-01,31.76,32.03,30.98,31.13,973024.0,30.881327825866,973024.0
964,2015-09-02,31.68,31.82,31.2,31.38,1911664.0,31.129330779815998,1911664.0
965,2015-09-03,31.82,32.61,31.82,32.35,1928516.0,32.091582241142994,1928516.0
966,2015-09-04,31.89,32.24,31.66,31.68,1705602.0,31.426934324557,1705602.0
967,2015-09-08,32.26,32.54,32.12,32.44,1394993.0,32.180863304565,1394993.0
968,2015-09-09,32.82,32.89,32.045,32.11,1337384.0,31.853499405351,1337384.0
969,2015-09-10,31.99,32.42,31.83,32.13,1398856.0,31.873339641667,1398856.0
970,2015-09-11,32.04,32.49,31.89,32.49,1464114.0,32.230463895355,1464114.0
971,2015-09-14,32.45,32.48,32.02,32.22,1258416.0,31.962620705089,1258416.0
972,2015-09-15,32.39,33.13,32.23,33.03,1870295.0,32.766150275887,1870295.0
973,2015-09-16,33.0,33.44,32.96,33.37,1087694.0,33.103434293259,1087694.0
974,2015-09-17,33.32,33.56,32.98,33.08,1452216.0,32.815750866677,1452216.0
975,2015-09-18,32.56,32.68,32.17,32.25,1505251.0,31.992381059562998,1505251.0
976,2015-09-21,32.45,33.0,32.13,32.63,1905748.0,32.369345549567,1905748.0
977,2015-09-22,32.16,32.4986,32.01,32.4,1333543.0,32.141182831932994,1333543.0
978,2015-09-23,32.47,32.66,31.76,31.78,1046909.0,31.526135506137,1046909.0
979,2015-09-24,31.6,32.73,31.27,32.52,2293697.0,32.260224249829,2293697.0
980,2015-09-25,32.65,32.78,32.32,32.47,2088329.0,32.210623659039,2088329.0
981,2015-09-28,32.06,32.27,31.95,32.07,2123155.0,31.813818932719002,2123155.0
982,2015-09-29,32.21,32.44,31.895,31.99,1344081.0,31.734457987455002,1344081.0
983,2015-09-30,32.22,32.95,32.03,32.85,1705878.0,32.587588149043,1705878.0
984,2015-10-01,32.88,33.2,32.425,32.69,1490624.0,32.428866258515,1490624.0
985,2015-10-02,32.25,33.54,32.16,33.51,1406690.0,33.242315947471,1406690.0
986,2015-10-05,33.58,33.84,33.36,33.56,2376842.0,33.291916538261,2376842.0
987,2015-10-06,33.51,33.84,33.36,33.39,1675705.0,33.123274529575,1675705.0
988,2015-10-07,33.59,34.19,33.38,34.04,1669805.0,33.768082209845,1669805.0
989,2015-10-08,33.94,35.24,33.88,34.99,1770092.0,34.710493434856,1770092.0
990,2015-10-09,35.08,35.35,34.71,34.89,1944621.0,34.611292253276,1944621.0
991,2015-10-12,34.85,34.96,34.61,34.64,1003184.0,34.363289299326,1003184.0
992,2015-10-13,34.33,34.85,34.22,34.33,1806709.0,34.055765636428,1806709.0
993,2015-10-14,34.29,34.5,33.8235,33.87,1424545.0,33.599440201159,1424545.0
994,2015-10-15,33.94,34.82,33.67,34.74,1909188.0,34.462490480906,1909188.0
995,2015-10-16,34.69,34.77,34.01,34.74,2124417.0,34.462490480906,2124417.0
996,2015-10-19,34.51,34.67,34.23,34.64,1297515.0,34.363289299326,1297515.0
997,2015-10-20,34.56,35.18,34.41,34.88,1205307.0,34.601372135118,1205307.0
998,2015-10-21,34.97,35.24,34.64,34.72,1396882.0,34.44265024459,1396882.0
999,2015-10-22,34.86,35.83,34.86,35.62,1415098.0,35.33546087881,1415098.0
1000,2015-10-23,35.9,36.22,35.76,36.19,1507775.0,35.900907613815995,1507775.0
1001,2015-10-26,36.14,36.31,35.64,35.91,1340609.0,35.623144305391996,1340609.0
1002,2015-10-27,35.57,35.96,35.28,35.85,2315755.0,35.563623596444,2315755.0
1003,2015-10-28,35.97,36.5992,35.7,36.38,1557341.0,36.089389858818,1557341.0
1004,2015-10-29,35.82,36.74,35.82,36.34,1769345.0,36.049709386186,1769345.0
1005,2015-10-30,36.51,36.78,36.07,36.41,1862906.0,36.119150213291995,1862906.0
1006,2015-11-02,36.35,36.82,36.18,36.65,974119.0,36.497106715112,974119.0
1007,2015-11-03,36.65,36.91,36.4,36.58,1658947.0,36.427398735029,1658947.0
1008,2015-11-04,36.6,36.9,36.47,36.65,1008608.0,36.497106715112,1008608.0
1009,2015-11-05,36.6,36.94,36.31,36.79,889394.0,36.636522675279004,889394.0
1010,2015-11-06,36.66,36.92,36.39,36.92,843435.0,36.765980352577,843435.0
1011,2015-11-09,36.79,36.92,36.31,36.45,904199.0,36.297941057731,904199.0
1012,2015-11-10,36.34,36.93,36.24,36.93,958841.0,36.775938635446,958841.0
1013,2015-11-11,37.0,37.26,36.93,36.97,780316.0,36.815771766922005,780316.0
1014,2015-11-12,36.53,36.75,35.745,35.8,1523661.0,35.650652671242,1523661.0
1015,2015-11-13,35.82,36.27,35.68,35.89,937806.0,35.740277217064,937806.0
1016,2015-11-16,35.8,36.685,35.74,36.6,1467933.0,36.447315300767,1467933.0
1017,2015-11-17,36.66,37.14,36.46,37.0,1600530.0,36.84564661553,1600530.0
1018,2015-11-18,37.15,37.5,37.01,37.46,1771818.0,37.303727627506,1771818.0
1019,2015-11-19,37.42,37.77,37.09,37.67,1137406.0,37.512851567757004,1137406.0
1020,2015-11-20,37.83,38.0,37.45,37.5,1300895.0,37.343560758983,1300895.0
1021,2015-11-23,37.56,37.85,37.4,37.55,870634.0,37.393352173328,870634.0
1022,2015-11-24,37.26,37.61,37.1,37.48,1043956.0,37.323644193245,1043956.0
1023,2015-11-25,37.49,37.86,37.38,37.66,916208.0,37.502893284888,916208.0
1024,2015-11-27,37.53,37.62,37.28,37.58,514177.0,37.423227021935,514177.0
1025,2015-11-30,37.58,37.71,37.25,37.32,1430254.0,37.16431166734,1430254.0
1026,2015-12-01,37.37,37.76,37.32,37.64,756867.0,37.48297671915,756867.0
1027,2015-12-02,37.45,37.58,36.87,36.95,615641.0,36.795855201184004,615641.0
1028,2015-12-03,37.04,37.19,36.43,36.74,734792.0,36.586731260934,734792.0
1029,2015-12-04,36.78,37.69,36.7775,37.65,1247282.0,37.492935002019,1247282.0
1030,2015-12-07,37.42,37.56,36.78,36.91,638112.0,36.756022069708,638112.0
1031,2015-12-08,36.47,36.65,36.2,36.28,785228.0,36.128650248957,785228.0
1032,2015-12-09,36.1,36.795,35.93,36.26,1154646.0,36.108733683219,1154646.0
1033,2015-12-10,36.14,36.97,36.14,36.7,1188617.0,36.546898129458,1188617.0
1034,2015-12-11,36.2,36.77,36.13,36.22,1496356.0,36.068900551743,1496356.0
1035,2015-12-14,36.27,36.665,36.19,36.64,1340560.0,36.487148432242996,1340560.0
1036,2015-12-15,36.89,37.07,36.65,36.7,1368047.0,36.546898129458,1368047.0
1037,2015-12-16,36.93,37.63,36.8,37.46,1225414.0,37.303727627506,1225414.0
1038,2015-12-17,37.42,37.625,36.45,36.46,1178513.0,36.3078993406,1178513.0
1039,2015-12-18,36.26,36.31,35.81,35.84,1796071.0,35.690485802718,1796071.0
1040,2015-12-21,36.13,36.31,35.88,36.14,642536.0,35.98923428879,642536.0
1041,2015-12-22,36.31,36.53,36.03,36.5,804383.0,36.347732472076004,804383.0
1042,2015-12-23,36.73,37.28,36.66,37.13,667342.0,36.975104292827,667342.0
1043,2015-12-24,37.08,37.26,36.96,37.07,294202.0,36.915354595612996,294202.0
1044,2015-12-28,36.97,36.99,36.675,36.94,630069.0,36.78589691831501,630069.0
1045,2015-12-29,37.2,37.46,36.98,37.1,779341.0,36.94522944422,779341.0
1046,2015-12-30,37.1,37.22,36.85,36.87,439532.0,36.716188938232,439532.0
1047,2015-12-31,36.67,36.84,36.45,36.5,634220.0,36.347732472076004,634220.0
1048,2016-01-04,35.92,36.19,35.6011,36.08,1350093.0,35.929484591576,1350093.0
1049,2016-01-05,36.06,36.2,35.51,36.07,1075354.0,35.919526308707,1075354.0
1050,2016-01-06,36.43,36.61,35.22,35.62,1863881.0,35.471403579599,1863881.0
1051,2016-01-07,35.17,35.27,34.49,34.7,1555388.0,34.555241555645,1555388.0
1052,2016-01-08,34.87,35.03,34.28,34.37,1441947.0,34.226618220966,1441947.0
1053,2016-01-11,34.51,34.57,33.69,34.08,852942.0,33.937828017762996,852942.0
1054,2016-01-12,34.35,34.55,33.86,34.27,780966.0,34.127035392276,780966.0
1055,2016-01-13,34.39,34.51,33.32,33.38,1223828.0,33.240748216929,1223828.0
1056,2016-01-14,33.5,33.77,33.11,33.57,1482434.0,33.429955591441,1482434.0
1057,2016-01-15,32.73,33.1,32.61,32.98,1257213.0,32.842416902167,1257213.0
1058,2016-01-19,33.47,33.53,32.61,32.96,1068523.0,32.822500336428,1068523.0
1059,2016-01-20,32.44,33.1,31.67,32.8,1486353.0,32.663167810523,1486353.0
1060,2016-01-21,32.97,33.57,32.65,33.23,1444156.0,33.091373973893,1444156.0
1061,2016-01-22,33.79,34.12,33.47,34.03,826533.0,33.888036603418,826533.0
1062,2016-01-25,33.91,33.99,33.51,33.74,1130941.0,33.599246400215,1130941.0
1063,2016-01-26,33.99,34.67,33.79,34.55,1841147.0,34.405867312609,1841147.0
1064,2016-01-27,34.54,35.86,34.38,34.89,1986638.0,34.744448930157,1986638.0
1065,2016-01-28,35.23,35.36,34.74,34.95,1523839.0,34.804198627371996,1523839.0
1066,2016-01-29,35.14,35.95,35.05,35.95,1814371.0,35.800026914278,1814371.0
1067,2016-02-01,35.64,35.93,35.11,35.62,1268989.0,35.471403579599,1268989.0
1068,2016-02-02,35.08,35.14,34.57,34.86,1244025.0,34.714574081550005,1244025.0
1069,2016-02-03,35.3,35.85,34.71,35.67,1946387.0,35.521194993944,1946387.0
1070,2016-02-04,36.06,38.08,35.47,37.08,3962674.0,36.925312878481996,3962674.0
1071,2016-02-05,37.06,37.46,36.25,36.66,2394951.0,36.507064997981,2394951.0
1072,2016-02-08,36.22,36.49,35.77,36.22,2203003.0,36.068900551743,2203003.0
1073,2016-02-09,35.97,37.045,35.785,36.71,1947411.0,36.556856412327,1947411.0
1074,2016-02-10,36.84,37.07,36.39,36.43,1574016.0,36.278024491993,1574016.0
1075,2016-02-11,35.9,36.475,35.44,36.21,1744157.0,36.058942268874,1744157.0
1076,2016-02-12,36.66,37.2,36.475,37.04,1567356.0,36.885479747006,1567356.0
1077,2016-02-16,37.38,37.49,36.69,37.0,2120671.0,37.0,2120671.0
1078,2016-02-17,37.33,37.845,37.06,37.66,2217450.0,37.66,2217450.0
1079,2016-02-18,37.74,37.8897,37.26,37.53,1377056.0,37.53,1377056.0
1080,2016-02-19,37.29,37.29,36.42,37.03,5041906.0,37.03,5041906.0
1081,2016-02-22,37.46,37.87,37.365,37.64,1500111.0,37.64,1500111.0
1082,2016-02-23,37.51,37.735,37.23,37.32,1140307.0,37.32,1140307.0
1083,2016-02-24,37.0,37.5,36.83,37.47,1360403.0,37.47,1360403.0
1084,2016-02-25,37.57,37.63,37.31,37.56,1504063.0,37.56,1504063.0
1085,2016-02-26,37.73,37.85,37.54,37.72,1829974.0,37.72,1829974.0
1086,2016-02-29,37.77,37.86,37.41,37.41,1219025.0,37.41,1219025.0
1087,2016-03-01,37.71,38.04,37.45,37.94,1430740.0,37.94,1430740.0
1088,2016-03-02,37.79,38.04,37.59,38.03,1859129.0,38.03,1859129.0
1089,2016-03-03,38.04,38.17,37.86,38.17,1167420.0,38.17,1167420.0
1090,2016-03-04,38.07,38.325,37.99,38.22,1494632.0,38.22,1494632.0
1091,2016-03-07,38.09,38.55,38.09,38.55,1343116.0,38.55,1343116.0
1092,2016-03-08,38.34,38.53,37.84,37.91,1110085.0,37.91,1110085.0
1093,2016-03-09,38.08,38.2115,37.88,38.15,1458396.0,38.15,1458396.0
1094,2016-03-11,38.2,38.48,38.0,38.45,1691546.0,38.45,1691546.0
1095,2016-03-14,38.21,38.45,38.06,38.07,1198795.0,38.07,1198795.0
1096,2016-03-15,37.71,38.24,37.58,38.14,1307823.0,38.14,1307823.0
1097,2016-03-16,37.96,38.8,37.69,38.63,1388719.0,38.63,1388719.0
1098,2016-03-17,38.74,39.21,38.66,39.01,1452263.0,39.01,1452263.0
1099,2016-03-18,38.99,39.655,38.97,39.47,2879251.0,39.47,2879251.0
1100,2016-03-21,39.06,39.46,38.95,39.42,1351781.0,39.42,1351781.0
1101,2016-03-22,39.16,39.58,39.1001,39.4,914167.0,39.4,914167.0
1102,2016-03-23,39.21,39.53,38.93,39.37,1255291.0,39.37,1255291.0
1103,2016-03-24,39.04,39.82,39.01,39.82,1786455.0,39.82,1786455.0
